{"actions":[],"apps":[{"acl":{"app":[],"field":[],"record":[]},"app":null,"category":{"categories":[],"useCategory":"false"},"form":{"layout":"[{\"controlList\":[{\"isVirtical\":true,\"label\":\"SharePointID\",\"styleMap\":{\"width\":193},\"type\":\"DECIMAL\",\"var\":\"SharePointID\"},{\"isVirtical\":true,\"label\":\"SharePointLastModified\",\"styleMap\":{\"width\":193},\"type\":\"SINGLE_LINE_TEXT\",\"var\":\"SharePointLastModified\"}],\"id\":null,\"isSubTable\":false,\"type\":\"ROW\",\"var\":null},{\"controlList\":[{\"isVirtical\":true,\"label\":\"作付名\",\"styleMap\":{\"width\":193},\"type\":\"SINGLE_LINE_TEXT\",\"var\":\"作付名\"},{\"isVirtical\":true,\"label\":\"品種\",\"styleMap\":{\"width\":246},\"type\":\"SINGLE_LINE_TEXT\",\"var\":\"品種\"}],\"id\":null,\"isSubTable\":false,\"type\":\"ROW\",\"var\":null},{\"controlList\":[{\"isVirtical\":true,\"label\":\"圃場\",\"styleMap\":{\"width\":246},\"type\":\"SINGLE_LINE_TEXT\",\"var\":\"圃場\"}],\"id\":\"8404633\",\"isSubTable\":true,\"type\":\"SUBTABLE\",\"var\":\"詳細\"},{\"controlList\":[{\"isVirtical\":true,\"label\":\"備考\",\"styleMap\":{\"innerHeight\":91,\"width\":685},\"type\":\"MULTIPLE_LINE_TEXT\",\"var\":\"備考\"}],\"id\":null,\"isSubTable\":false,\"type\":\"ROW\",\"var\":null},{\"controlList\":[{\"label\":\"\\u003Cdiv\\u003E\\u003Cb\\u003E作業期間\\u003C/b\\u003E\\u003C/div\\u003E\",\"styleMap\":{\"width\":88},\"type\":\"LABEL\",\"formatted\":\"\\u003Cdiv\\u003E\\u003Cb\\u003E作業期間\\u003C/b\\u003E\\u003C/div\\u003E\"}],\"id\":null,\"isSubTable\":false,\"type\":\"ROW\",\"var\":null},{\"controlList\":[{\"isVirtical\":true,\"label\":\"最初日\",\"styleMap\":{\"width\":117},\"type\":\"DATE\",\"var\":\"最初日\"},{\"isVirtical\":true,\"label\":\"最終日\",\"styleMap\":{\"width\":117},\"type\":\"DATE\",\"var\":\"最終日\"}],\"id\":null,\"isSubTable\":false,\"type\":\"ROW\",\"var\":null},{\"controlList\":[{\"isVirtical\":true,\"label\":\"予想収穫量\",\"styleMap\":{\"width\":193},\"type\":\"DECIMAL\",\"var\":\"予想収穫量\"},{\"isVirtical\":true,\"label\":\"単位\",\"styleMap\":{\"width\":118},\"type\":\"SINGLE_LINE_TEXT\",\"var\":\"単位\"}],\"id\":null,\"isSubTable\":false,\"type\":\"ROW\",\"var\":null}]","revision":null},"iconMeta":{"internalName":null,"mime":"image/png","name":"plant.png"},"info":{"automaticallyChooseTitleComponent":"true","code":null,"decimalPrecision":"16","decimalScale":"4","description":"\u003Cdiv\u003E\u003Cbr /\u003E\u003C/div\u003E","enableBulkDeletion":"false","enableRecordReuse":"true","fiscalYearStartMonth":"4","iconKey":"436182","iconType":"BLOB","jsFiles":null,"jsScope":"ALL","name":"作付管理","roundingMode":"HALF_EVEN","theme":"PLAIN","titleComponentLocalId":null,"useComment":"true","useHistory":"true","useInlineEditAndDelete":"true","useThumbnail":"true"},"jsFiles":[],"notification":{"appNotifications":[{"events":["RECORD_COMMENT_ADDED"],"target":{"entityId":"8401764","entityType":"FIELD_ENTITY","includeSubs":"false"}},{"events":["RECORD_COMMENT_ADDED"],"target":{"entityId":"8401765","entityType":"FIELD_ENTITY","includeSubs":"false"}}],"recordNotifications":[],"reminderTimezone":null,"reminders":[],"useComment":"true","useReminder":"false"},"plugins":[{"enabled":"true","id":"mlejgiphgolcmmlngilpciapimhkmilh"},{"enabled":"true","id":"jjolfbjiophiocnpjgmpjncfckcccogf"}],"reports":[],"resource":{"tables":[{"rows":[{"fields":[],"objectId":"0","subObjectId":"-1"}],"type":"AppName"},{"rows":[{"fields":[],"objectId":"0","subObjectId":"-1"}],"type":"AppDescription"},{"rows":[{"fields":[],"objectId":"8401763","subObjectId":"-1"},{"fields":[],"objectId":"8401764","subObjectId":"-1"},{"fields":[],"objectId":"8401765","subObjectId":"-1"},{"fields":[],"objectId":"8401766","subObjectId":"-1"},{"fields":[],"objectId":"8401767","subObjectId":"-1"},{"fields":[],"objectId":"8401768","subObjectId":"-1"},{"fields":[],"objectId":"8401769","subObjectId":"-1"},{"fields":[],"objectId":"8401770","subObjectId":"-1"},{"fields":[],"objectId":"8401771","subObjectId":"-1"},{"fields":[],"objectId":"8401772","subObjectId":"-1"},{"fields":[],"objectId":"8401774","subObjectId":"-1"},{"fields":[],"objectId":"8401775","subObjectId":"-1"},{"fields":[],"objectId":"8401776","subObjectId":"-1"},{"fields":[],"objectId":"8401777","subObjectId":"-1"},{"fields":[],"objectId":"8402127","subObjectId":"-1"},{"fields":[],"objectId":"8404633","subObjectId":"-1"},{"fields":[],"objectId":"8404631","subObjectId":"-1"},{"fields":[],"objectId":"8404664","subObjectId":"-1"},{"fields":[],"objectId":"8404665","subObjectId":"-1"}],"type":"FieldLabel"},{"rows":[{"fields":[],"objectId":"20","subObjectId":"-1"}],"type":"ViewName"},{"rows":[],"type":"CategoryName"}]},"schema":{"groups":[],"revision":null,"subTable":{"8404633":{"fieldList":{"8404631":{"id":"8404631","label":"圃場","properties":{"defaultValue":"","expression":"","hideExpression":"false","max":null,"min":null,"noLabel":"false","required":"false","unique":"false"},"type":"SINGLE_LINE_TEXT","var":"圃場"}},"id":"8404633","label":"詳細","properties":{"noLabel":"false"},"var":"詳細"}},"table":{"fieldList":{"8401763":{"id":"8401763","label":"Record number","properties":{"noLabel":"false","required":"true"},"type":"RECORD_ID","var":"Record_number"},"8401764":{"id":"8401764","label":"Updated by","properties":{"noLabel":"false","required":"true"},"type":"MODIFIER","var":"Updated_by"},"8401765":{"id":"8401765","label":"Created by","properties":{"noLabel":"false","required":"true"},"type":"CREATOR","var":"Created_by"},"8401766":{"id":"8401766","label":"Updated datetime","properties":{"noLabel":"false","required":"true"},"type":"MODIFIED_AT","var":"Updated_datetime"},"8401767":{"id":"8401767","label":"Created datetime","properties":{"noLabel":"false","required":"true"},"type":"CREATED_AT","var":"Created_datetime"},"8401768":{"id":"8401768","label":"Status","properties":{"noLabel":"false","required":"false"},"type":"STATUS","var":"Status"},"8401769":{"id":"8401769","label":"Assignee","properties":{"noLabel":"false","required":"false"},"type":"STATUS_ASSIGNEE","var":"Assignee"},"8401770":{"id":"8401770","label":"Categories","properties":{"noLabel":"false","required":"false"},"type":"CATEGORY","var":"Categories"},"8401771":{"id":"8401771","label":"作付名","properties":{"defaultValue":"","expression":"","hideExpression":"false","max":"64","min":null,"noLabel":"false","required":"true","unique":"true"},"type":"SINGLE_LINE_TEXT","var":"作付名"},"8401772":{"id":"8401772","label":"品種","properties":{"defaultValue":"","expression":"","hideExpression":"false","max":null,"min":null,"noLabel":"false","required":"false","unique":"false"},"type":"SINGLE_LINE_TEXT","var":"品種"},"8401774":{"id":"8401774","label":"備考","properties":{"defaultValue":"","noLabel":"false","required":"false"},"type":"MULTIPLE_LINE_TEXT","var":"備考"},"8401775":{"id":"8401775","label":"最初日","properties":{"defaultExpression":"NOW","defaultValue":null,"noLabel":"false","required":"false","unique":"false"},"type":"DATE","var":"最初日"},"8401776":{"id":"8401776","label":"最終日","properties":{"defaultExpression":"NOW","defaultValue":null,"noLabel":"false","required":"false","unique":"false"},"type":"DATE","var":"最終日"},"8401777":{"id":"8401777","label":"予想収穫量","properties":{"defaultValue":null,"digit":"true","displayScale":null,"max":null,"min":null,"noLabel":"false","required":"false","roundingMode":null,"scale":null,"unique":"false","unit":"","unitPosition":"BEFORE"},"type":"DECIMAL","var":"予想収穫量"},"8402127":{"id":"8402127","label":"単位","properties":{"defaultValue":"","expression":"","hideExpression":"false","max":null,"min":null,"noLabel":"false","required":"false","unique":"false"},"type":"SINGLE_LINE_TEXT","var":"単位"},"8404664":{"id":"8404664","label":"SharePointID","properties":{"defaultValue":null,"digit":"false","displayScale":null,"max":null,"min":null,"noLabel":"false","required":"false","roundingMode":null,"scale":null,"unique":"true","unit":"","unitPosition":"BEFORE"},"type":"DECIMAL","var":"SharePointID"},"8404665":{"id":"8404665","label":"SharePointLastModified","properties":{"defaultValue":"","expression":"","hideExpression":"false","max":null,"min":null,"noLabel":"false","required":"false","unique":"false"},"type":"SINGLE_LINE_TEXT","var":"SharePointLastModified"}},"id":"1","label":"__ROOT__","properties":null,"var":"__ROOT__"}},"settingsNotesForm":{"content":null,"willBeInherited":null},"status":{"actions":[],"filters":[],"initialStateId":null,"states":[],"useStatus":"false"},"uuid":"b5df7077-25a7-4e5d-a74d-74caa72292ed","views":[{"advancedMode":null,"builtinType":"ALL","device":null,"fields":[{"row":[{"columnWidth":null,"id":"8401763"},{"columnWidth":null,"id":"8401771"},{"columnWidth":null,"id":"8401772"},{"columnWidth":null,"id":"8401774"},{"columnWidth":null,"id":"8401775"},{"columnWidth":null,"id":"8401776"},{"columnWidth":null,"id":"8401777"},{"columnWidth":null,"id":"8402127"},{"columnWidth":null,"id":"8404664"},{"columnWidth":null,"id":"8404665"}]}],"filter":{"category":null,"offset":null,"order":[],"q":null,"size":null,"sort":[]},"html":null,"keyFieldId":null,"name":"(All records)","pager":null,"revision":null,"titleFieldId":null,"view":"20","viewType":"LIST"}]},{"acl":{"app":[],"field":[],"record":[]},"app":null,"category":{"categories":[],"useCategory":"false"},"form":{"layout":"[{\"id\":null,\"type\":\"ROW\",\"isSubTable\":false,\"var\":null,\"label\":null,\"controlList\":[{\"isVirtical\":true,\"styleMap\":{\"width\":193},\"type\":\"SINGLE_LINE_TEXT\",\"var\":\"品種名\",\"label\":\"品種名\"},{\"isVirtical\":true,\"styleMap\":{\"width\":193},\"type\":\"SINGLE_LINE_TEXT\",\"var\":\"単位\",\"label\":\"単位\"}]}]","revision":null},"iconMeta":{"internalName":null,"mime":"image/png","name":"master_icon.png"},"info":{"automaticallyChooseTitleComponent":"true","code":null,"decimalPrecision":"16","decimalScale":"4","description":"\u003Cdiv\u003E\u003Cb\u003E説明\u003C/b\u003E\u003Cdiv\u003E\u003Cspan style=\"color:rgb( 36 , 36 , 36 );font-family:&#39;yu gothic&#39; , &#39;meiryo ui&#39; , &#39;ms ui gothic&#39; , &#39;ms pgothic&#39; , , &#39;ms gothic&#39; , , &#39;calibri&#39; , sans-serif , &#39;mongolian baiti&#39; , &#39;microsoft yi baiti&#39; , &#39;javanese text&#39;;font-size:14.6667px\"\u003E複数の品種を区別して、品種ごとにを記録\u003C/span\u003E\u003Cbr /\u003E\u003C/div\u003E\u003Cdiv\u003E\u003Cspan style=\"color:rgb( 36 , 36 , 36 );font-family:&#39;yu gothic&#39; , &#39;meiryo ui&#39; , &#39;ms ui gothic&#39; , &#39;ms pgothic&#39; , , &#39;ms gothic&#39; , , &#39;calibri&#39; , sans-serif , &#39;mongolian baiti&#39; , &#39;microsoft yi baiti&#39; , &#39;javanese text&#39;;font-size:14.6667px\"\u003E機能&#xff1b;\u003C/span\u003E\u003Cspan style=\"color:rgb( 36 , 36 , 36 );font-family:&#39;yu gothic&#39; , &#39;meiryo ui&#39; , &#39;ms ui gothic&#39; , &#39;ms pgothic&#39; , , &#39;ms gothic&#39; , , &#39;calibri&#39; , sans-serif , &#39;mongolian baiti&#39; , &#39;microsoft yi baiti&#39; , &#39;javanese text&#39;;font-size:14.6667px\"\u003E新しい品種を登録する・\u003C/span\u003E\u003Cspan style=\"color:rgb( 36 , 36 , 36 );font-family:&#39;yu gothic&#39; , &#39;meiryo ui&#39; , &#39;ms ui gothic&#39; , &#39;ms pgothic&#39; , , &#39;ms gothic&#39; , , &#39;calibri&#39; , sans-serif , &#39;mongolian baiti&#39; , &#39;microsoft yi baiti&#39; , &#39;javanese text&#39;;font-size:14.6667px\"\u003E存在している品種の情報を修正する・\u003C/span\u003E\u003Cspan style=\"color:rgb( 36 , 36 , 36 );font-family:&#39;yu gothic&#39; , &#39;meiryo ui&#39; , &#39;ms ui gothic&#39; , &#39;ms pgothic&#39; , , &#39;ms gothic&#39; , , &#39;calibri&#39; , sans-serif , &#39;mongolian baiti&#39; , &#39;microsoft yi baiti&#39; , &#39;javanese text&#39;;font-size:14.6667px\"\u003E品種情報を削除する。\u003C/span\u003E\u003C/div\u003E\u003C/div\u003E","enableBulkDeletion":"false","enableRecordReuse":"true","fiscalYearStartMonth":"4","iconKey":"436184","iconType":"BLOB","jsFiles":null,"jsScope":"ALL","name":"品種マスター管理","roundingMode":"HALF_EVEN","theme":"PLAIN","titleComponentLocalId":null,"useComment":"true","useHistory":"true","useInlineEditAndDelete":"true","useThumbnail":"true"},"jsFiles":[],"notification":{"appNotifications":[{"events":["RECORD_COMMENT_ADDED"],"target":{"entityId":"8401543","entityType":"FIELD_ENTITY","includeSubs":"false"}},{"events":["RECORD_COMMENT_ADDED"],"target":{"entityId":"8401544","entityType":"FIELD_ENTITY","includeSubs":"false"}}],"recordNotifications":[],"reminderTimezone":null,"reminders":[],"useComment":"true","useReminder":"false"},"plugins":[{"enabled":"true","id":"mlejgiphgolcmmlngilpciapimhkmilh"}],"reports":[],"resource":{"tables":[{"rows":[{"fields":[{"language":"zh","value":""},{"language":"en","value":""},{"language":"ja","value":""}],"objectId":"0","subObjectId":"-1"}],"type":"AppName"},{"rows":[{"fields":[{"language":"zh","value":""},{"language":"en","value":"\u003Cdiv\u003E\u003Cb\u003E説明\u003C/b\u003E\u003Cdiv\u003E\u003Cspan style=\"color:rgb( 36 , 36 , 36 );font-family:&#39;yu gothic&#39; , &#39;meiryo ui&#39; , &#39;ms ui gothic&#39; , &#39;ms pgothic&#39; , , &#39;ms gothic&#39; , , &#39;calibri&#39; , sans-serif , &#39;mongolian baiti&#39; , &#39;microsoft yi baiti&#39; , &#39;javanese text&#39;;font-size:14.6667px\"\u003E複数の品種を区別して、品種ごとにを記録\u003C/span\u003E\u003Cbr /\u003E\u003C/div\u003E\u003Cdiv\u003E\u003Cspan style=\"color:rgb( 36 , 36 , 36 );font-family:&#39;yu gothic&#39; , &#39;meiryo ui&#39; , &#39;ms ui gothic&#39; , &#39;ms pgothic&#39; , , &#39;ms gothic&#39; , , &#39;calibri&#39; , sans-serif , &#39;mongolian baiti&#39; , &#39;microsoft yi baiti&#39; , &#39;javanese text&#39;;font-size:14.6667px\"\u003E機能&#xff1b;\u003C/span\u003E\u003Cspan style=\"color:rgb( 36 , 36 , 36 );font-family:&#39;yu gothic&#39; , &#39;meiryo ui&#39; , &#39;ms ui gothic&#39; , &#39;ms pgothic&#39; , , &#39;ms gothic&#39; , , &#39;calibri&#39; , sans-serif , &#39;mongolian baiti&#39; , &#39;microsoft yi baiti&#39; , &#39;javanese text&#39;;font-size:14.6667px\"\u003E新しい品種を登録する・\u003C/span\u003E\u003Cspan style=\"color:rgb( 36 , 36 , 36 );font-family:&#39;yu gothic&#39; , &#39;meiryo ui&#39; , &#39;ms ui gothic&#39; , &#39;ms pgothic&#39; , , &#39;ms gothic&#39; , , &#39;calibri&#39; , sans-serif , &#39;mongolian baiti&#39; , &#39;microsoft yi baiti&#39; , &#39;javanese text&#39;;font-size:14.6667px\"\u003E存在している品種の情報を修正する・\u003C/span\u003E\u003Cspan style=\"color:rgb( 36 , 36 , 36 );font-family:&#39;yu gothic&#39; , &#39;meiryo ui&#39; , &#39;ms ui gothic&#39; , &#39;ms pgothic&#39; , , &#39;ms gothic&#39; , , &#39;calibri&#39; , sans-serif , &#39;mongolian baiti&#39; , &#39;microsoft yi baiti&#39; , &#39;javanese text&#39;;font-size:14.6667px\"\u003E品種情報を削除する。\u003C/span\u003E\u003C/div\u003E\u003C/div\u003E"},{"language":"ja","value":"\u003Cdiv\u003E\u003Cb\u003E説明\u003C/b\u003E\u003Cdiv\u003E\u003Cspan style=\"color:rgb( 36 , 36 , 36 );font-family:&#39;yu gothic&#39; , &#39;meiryo ui&#39; , &#39;ms ui gothic&#39; , &#39;ms pgothic&#39; , , &#39;ms gothic&#39; , , &#39;calibri&#39; , sans-serif , &#39;mongolian baiti&#39; , &#39;microsoft yi baiti&#39; , &#39;javanese text&#39;;font-size:14.6667px\"\u003E複数の品種を区別して、品種ごとにを記録\u003C/span\u003E\u003Cbr /\u003E\u003C/div\u003E\u003Cdiv\u003E\u003Cspan style=\"color:rgb( 36 , 36 , 36 );font-family:&#39;yu gothic&#39; , &#39;meiryo ui&#39; , &#39;ms ui gothic&#39; , &#39;ms pgothic&#39; , , &#39;ms gothic&#39; , , &#39;calibri&#39; , sans-serif , &#39;mongolian baiti&#39; , &#39;microsoft yi baiti&#39; , &#39;javanese text&#39;;font-size:14.6667px\"\u003E機能&#xff1b;\u003C/span\u003E\u003Cspan style=\"color:rgb( 36 , 36 , 36 );font-family:&#39;yu gothic&#39; , &#39;meiryo ui&#39; , &#39;ms ui gothic&#39; , &#39;ms pgothic&#39; , , &#39;ms gothic&#39; , , &#39;calibri&#39; , sans-serif , &#39;mongolian baiti&#39; , &#39;microsoft yi baiti&#39; , &#39;javanese text&#39;;font-size:14.6667px\"\u003E新しい品種を登録する・\u003C/span\u003E\u003Cspan style=\"color:rgb( 36 , 36 , 36 );font-family:&#39;yu gothic&#39; , &#39;meiryo ui&#39; , &#39;ms ui gothic&#39; , &#39;ms pgothic&#39; , , &#39;ms gothic&#39; , , &#39;calibri&#39; , sans-serif , &#39;mongolian baiti&#39; , &#39;microsoft yi baiti&#39; , &#39;javanese text&#39;;font-size:14.6667px\"\u003E存在している品種の情報を修正する・\u003C/span\u003E\u003Cspan style=\"color:rgb( 36 , 36 , 36 );font-family:&#39;yu gothic&#39; , &#39;meiryo ui&#39; , &#39;ms ui gothic&#39; , &#39;ms pgothic&#39; , , &#39;ms gothic&#39; , , &#39;calibri&#39; , sans-serif , &#39;mongolian baiti&#39; , &#39;microsoft yi baiti&#39; , &#39;javanese text&#39;;font-size:14.6667px\"\u003E品種情報を削除する。\u003C/span\u003E\u003C/div\u003E\u003C/div\u003E"}],"objectId":"0","subObjectId":"-1"}],"type":"AppDescription"},{"rows":[{"fields":[{"language":"zh","value":""},{"language":"en","value":""},{"language":"ja","value":""}],"objectId":"8401542","subObjectId":"-1"},{"fields":[{"language":"zh","value":""},{"language":"en","value":""},{"language":"ja","value":""}],"objectId":"8401543","subObjectId":"-1"},{"fields":[{"language":"zh","value":""},{"language":"en","value":""},{"language":"ja","value":""}],"objectId":"8401544","subObjectId":"-1"},{"fields":[{"language":"zh","value":""},{"language":"en","value":""},{"language":"ja","value":""}],"objectId":"8401545","subObjectId":"-1"},{"fields":[{"language":"zh","value":""},{"language":"en","value":""},{"language":"ja","value":""}],"objectId":"8401546","subObjectId":"-1"},{"fields":[{"language":"zh","value":""},{"language":"en","value":""},{"language":"ja","value":""}],"objectId":"8401547","subObjectId":"-1"},{"fields":[{"language":"zh","value":""},{"language":"en","value":""},{"language":"ja","value":""}],"objectId":"8401548","subObjectId":"-1"},{"fields":[{"language":"zh","value":""},{"language":"en","value":""},{"language":"ja","value":""}],"objectId":"8401549","subObjectId":"-1"},{"fields":[{"language":"zh","value":""},{"language":"en","value":""},{"language":"ja","value":""}],"objectId":"8401550","subObjectId":"-1"},{"fields":[{"language":"zh","value":""},{"language":"en","value":""},{"language":"ja","value":""}],"objectId":"8402128","subObjectId":"-1"}],"type":"FieldLabel"},{"rows":[{"fields":[{"language":"zh","value":""},{"language":"en","value":""},{"language":"ja","value":""}],"objectId":"20","subObjectId":"-1"}],"type":"ViewName"},{"rows":[],"type":"CategoryName"}]},"schema":{"groups":[],"revision":null,"subTable":{},"table":{"fieldList":{"8401542":{"id":"8401542","label":"Record number","properties":{"noLabel":"false","required":"true"},"type":"RECORD_ID","var":"Record_number"},"8401543":{"id":"8401543","label":"Updated by","properties":{"noLabel":"false","required":"true"},"type":"MODIFIER","var":"Updated_by"},"8401544":{"id":"8401544","label":"Created by","properties":{"noLabel":"false","required":"true"},"type":"CREATOR","var":"Created_by"},"8401545":{"id":"8401545","label":"Updated datetime","properties":{"noLabel":"false","required":"true"},"type":"MODIFIED_AT","var":"Updated_datetime"},"8401546":{"id":"8401546","label":"Created datetime","properties":{"noLabel":"false","required":"true"},"type":"CREATED_AT","var":"Created_datetime"},"8401547":{"id":"8401547","label":"Status","properties":{"noLabel":"false","required":"false"},"type":"STATUS","var":"Status"},"8401548":{"id":"8401548","label":"Assignee","properties":{"noLabel":"false","required":"false"},"type":"STATUS_ASSIGNEE","var":"Assignee"},"8401549":{"id":"8401549","label":"Categories","properties":{"noLabel":"false","required":"false"},"type":"CATEGORY","var":"Categories"},"8401550":{"id":"8401550","label":"品種名","properties":{"defaultValue":"","expression":"","hideExpression":"false","max":"64","min":null,"noLabel":"false","required":"true","unique":"true"},"type":"SINGLE_LINE_TEXT","var":"品種名"},"8402128":{"id":"8402128","label":"単位","properties":{"defaultValue":"","expression":"","hideExpression":"false","max":null,"min":null,"noLabel":"false","required":"false","unique":"false"},"type":"SINGLE_LINE_TEXT","var":"単位"}},"id":"1","label":"__ROOT__","properties":null,"var":"__ROOT__"}},"settingsNotesForm":{"content":null,"willBeInherited":null},"status":{"actions":[],"filters":[],"initialStateId":null,"states":[],"useStatus":"false"},"uuid":"34236860-d886-4047-bb6a-9c95f8d61527","views":[{"advancedMode":null,"builtinType":"ALL","device":null,"fields":[{"row":[{"columnWidth":null,"id":"8401542"},{"columnWidth":null,"id":"8401550"},{"columnWidth":null,"id":"8402128"}]}],"filter":{"category":null,"offset":null,"order":[],"q":null,"size":null,"sort":[]},"html":null,"keyFieldId":null,"name":"(All records)","pager":null,"revision":null,"titleFieldId":null,"view":"20","viewType":"LIST"}]},{"acl":{"app":[],"field":[],"record":[]},"app":null,"category":{"categories":[],"useCategory":"false"},"form":{"layout":"[{\"id\":null,\"type\":\"ROW\",\"isSubTable\":false,\"var\":null,\"label\":null,\"controlList\":[{\"isVirtical\":true,\"styleMap\":{\"width\":120},\"type\":\"RECORD_ID\",\"var\":\"圃場ID\",\"label\":\"圃場ID\"},{\"isVirtical\":true,\"styleMap\":{\"width\":193},\"type\":\"DECIMAL\",\"var\":\"SharePointID\",\"label\":\"SharePointID\"},{\"isVirtical\":true,\"styleMap\":{\"width\":193},\"type\":\"SINGLE_LINE_TEXT\",\"var\":\"SharePointLastModified\",\"label\":\"SharePointLastModified\"}]},{\"id\":null,\"type\":\"ROW\",\"isSubTable\":false,\"var\":null,\"label\":null,\"controlList\":[{\"isVirtical\":true,\"styleMap\":{\"width\":193},\"type\":\"SINGLE_LINE_TEXT\",\"var\":\"圃場名\",\"label\":\"圃場名\"}]},{\"id\":\"8401569\",\"type\":\"SUBTABLE\",\"isSubTable\":true,\"var\":\"詳細\",\"label\":\"詳細\",\"controlList\":[{\"isVirtical\":true,\"styleMap\":{\"width\":193},\"type\":\"SINGLE_LINE_TEXT\",\"var\":\"区画名\",\"label\":\"区画名\"},{\"isVirtical\":true,\"styleMap\":{\"width\":193},\"type\":\"DECIMAL\",\"var\":\"列数\",\"label\":\"列数\"},{\"isVirtical\":true,\"styleMap\":{\"width\":193},\"type\":\"DECIMAL\",\"var\":\"株数\",\"label\":\"株数\"},{\"isVirtical\":true,\"styleMap\":{\"width\":193},\"type\":\"DECIMAL\",\"var\":\"列の長さ\",\"label\":\"列の長さ(m)\"},{\"isVirtical\":true,\"styleMap\":{\"width\":315,\"height\":185,\"innerHeight\":125},\"type\":\"MULTIPLE_LINE_TEXT\",\"var\":\"列名一覧\",\"label\":\"列名一覧\"}]}]","revision":null},"iconMeta":{"internalName":null,"mime":"image/png","name":"master_icon.png"},"info":{"automaticallyChooseTitleComponent":"true","code":null,"decimalPrecision":"16","decimalScale":"4","description":"\u003Cdiv\u003E\u003Cbr /\u003E\u003C/div\u003E","enableBulkDeletion":"false","enableRecordReuse":"true","fiscalYearStartMonth":"4","iconKey":"436186","iconType":"BLOB","jsFiles":null,"jsScope":"ALL","name":"圃場マスター管理","roundingMode":"HALF_EVEN","theme":"PLAIN","titleComponentLocalId":null,"useComment":"true","useHistory":"true","useInlineEditAndDelete":"true","useThumbnail":"true"},"jsFiles":[{"jsFileMetas":[{"internalName":null,"locationType":"BLOB","mime":"text/javascript","name":"jquery.min.js","url":null},{"internalName":null,"locationType":"BLOB","mime":"text/javascript","name":"main.js","url":null}],"jsType":"DESKTOP"},{"jsFileMetas":[{"internalName":null,"locationType":"BLOB","mime":"text/javascript","name":"jquery.min.js","url":null},{"internalName":null,"locationType":"BLOB","mime":"text/javascript","name":"main.js","url":null}],"jsType":"MOBILE"}],"notification":{"appNotifications":[{"events":["RECORD_COMMENT_ADDED"],"target":{"entityId":"8401555","entityType":"FIELD_ENTITY","includeSubs":"false"}},{"events":["RECORD_COMMENT_ADDED"],"target":{"entityId":"8401556","entityType":"FIELD_ENTITY","includeSubs":"false"}}],"recordNotifications":[],"reminderTimezone":null,"reminders":[],"useComment":"true","useReminder":"false"},"plugins":[{"enabled":"true","id":"mlejgiphgolcmmlngilpciapimhkmilh"},{"enabled":"true","id":"jjolfbjiophiocnpjgmpjncfckcccogf"},{"enabled":"true","id":"dhgjkaammojmbkecclgbpenbpnejohfc"}],"reports":[],"resource":{"tables":[{"rows":[{"fields":[],"objectId":"0","subObjectId":"-1"}],"type":"AppName"},{"rows":[{"fields":[],"objectId":"0","subObjectId":"-1"}],"type":"AppDescription"},{"rows":[{"fields":[],"objectId":"8401554","subObjectId":"-1"},{"fields":[],"objectId":"8401555","subObjectId":"-1"},{"fields":[],"objectId":"8401556","subObjectId":"-1"},{"fields":[],"objectId":"8401557","subObjectId":"-1"},{"fields":[],"objectId":"8401558","subObjectId":"-1"},{"fields":[],"objectId":"8401559","subObjectId":"-1"},{"fields":[],"objectId":"8401560","subObjectId":"-1"},{"fields":[],"objectId":"8401561","subObjectId":"-1"},{"fields":[],"objectId":"8401562","subObjectId":"-1"},{"fields":[],"objectId":"8401569","subObjectId":"-1"},{"fields":[],"objectId":"8401566","subObjectId":"-1"},{"fields":[],"objectId":"8401567","subObjectId":"-1"},{"fields":[],"objectId":"8401568","subObjectId":"-1"},{"fields":[],"objectId":"8403466","subObjectId":"-1"},{"fields":[],"objectId":"8405038","subObjectId":"-1"},{"fields":[],"objectId":"8404662","subObjectId":"-1"},{"fields":[],"objectId":"8404663","subObjectId":"-1"}],"type":"FieldLabel"},{"rows":[{"fields":[],"objectId":"8403469","subObjectId":"-1"},{"fields":[],"objectId":"20","subObjectId":"-1"}],"type":"ViewName"},{"rows":[],"type":"CategoryName"}]},"schema":{"groups":[],"revision":null,"subTable":{"8401569":{"fieldList":{"8401566":{"id":"8401566","label":"区画名","properties":{"defaultValue":"","expression":"","hideExpression":"false","max":null,"min":null,"noLabel":"false","required":"false","unique":"false"},"type":"SINGLE_LINE_TEXT","var":"区画名"},"8401567":{"id":"8401567","label":"列数","properties":{"defaultValue":null,"digit":"true","displayScale":null,"max":null,"min":"1","noLabel":"false","required":"false","roundingMode":null,"scale":null,"unique":"false","unit":"","unitPosition":"BEFORE"},"type":"DECIMAL","var":"列数"},"8401568":{"id":"8401568","label":"株数","properties":{"defaultValue":null,"digit":"true","displayScale":null,"max":null,"min":"1","noLabel":"false","required":"false","roundingMode":null,"scale":null,"unique":"false","unit":"","unitPosition":"BEFORE"},"type":"DECIMAL","var":"株数"},"8403466":{"id":"8403466","label":"列の長さ(m)","properties":{"defaultValue":null,"digit":"false","displayScale":null,"max":null,"min":null,"noLabel":"false","required":"false","roundingMode":null,"scale":null,"unique":"false","unit":"","unitPosition":"BEFORE"},"type":"DECIMAL","var":"列の長さ"},"8405038":{"id":"8405038","label":"列名一覧","properties":{"defaultValue":"","noLabel":"false","required":"false"},"type":"MULTIPLE_LINE_TEXT","var":"列名一覧"}},"id":"8401569","label":"詳細","properties":{"noLabel":"false"},"var":"詳細"}},"table":{"fieldList":{"8401554":{"id":"8401554","label":"圃場ID","properties":{"noLabel":"false","required":"true"},"type":"RECORD_ID","var":"圃場ID"},"8401555":{"id":"8401555","label":"Updated by","properties":{"noLabel":"false","required":"true"},"type":"MODIFIER","var":"Updated_by"},"8401556":{"id":"8401556","label":"Created by","properties":{"noLabel":"false","required":"true"},"type":"CREATOR","var":"Created_by"},"8401557":{"id":"8401557","label":"Updated datetime","properties":{"noLabel":"false","required":"true"},"type":"MODIFIED_AT","var":"Updated_datetime"},"8401558":{"id":"8401558","label":"Created datetime","properties":{"noLabel":"false","required":"true"},"type":"CREATED_AT","var":"Created_datetime"},"8401559":{"id":"8401559","label":"Status","properties":{"noLabel":"false","required":"false"},"type":"STATUS","var":"Status"},"8401560":{"id":"8401560","label":"Assignee","properties":{"noLabel":"false","required":"false"},"type":"STATUS_ASSIGNEE","var":"Assignee"},"8401561":{"id":"8401561","label":"Categories","properties":{"noLabel":"false","required":"false"},"type":"CATEGORY","var":"Categories"},"8401562":{"id":"8401562","label":"圃場名","properties":{"defaultValue":"","expression":"","hideExpression":"false","max":"64","min":null,"noLabel":"false","required":"true","unique":"true"},"type":"SINGLE_LINE_TEXT","var":"圃場名"},"8404662":{"id":"8404662","label":"SharePointID","properties":{"defaultValue":null,"digit":"false","displayScale":null,"max":null,"min":null,"noLabel":"false","required":"false","roundingMode":null,"scale":null,"unique":"true","unit":"","unitPosition":"BEFORE"},"type":"DECIMAL","var":"SharePointID"},"8404663":{"id":"8404663","label":"SharePointLastModified","properties":{"defaultValue":"","expression":"","hideExpression":"false","max":null,"min":null,"noLabel":"false","required":"false","unique":"false"},"type":"SINGLE_LINE_TEXT","var":"SharePointLastModified"}},"id":"1","label":"__ROOT__","properties":null,"var":"__ROOT__"}},"settingsNotesForm":{"content":null,"willBeInherited":null},"status":{"actions":[],"filters":[],"initialStateId":null,"states":[],"useStatus":"false"},"uuid":"0bb7a8d3-4a1b-4edf-9450-9e47d9181128","views":[{"advancedMode":"false","builtinType":null,"device":null,"fields":[{"row":[{"columnWidth":null,"id":"8401562"},{"columnWidth":null,"id":"8404662"},{"columnWidth":null,"id":"8401569"}]}],"filter":{"category":null,"offset":null,"order":["DESC"],"q":null,"size":null,"sort":["f8401554"]},"html":null,"keyFieldId":null,"name":"Detail View","pager":null,"revision":null,"titleFieldId":null,"view":"8403469","viewType":"LIST"},{"advancedMode":null,"builtinType":"ALL","device":null,"fields":[{"row":[{"columnWidth":null,"id":"8401554"},{"columnWidth":null,"id":"8401562"},{"columnWidth":null,"id":"8404662"},{"columnWidth":null,"id":"8404663"}]}],"filter":{"category":null,"offset":null,"order":[],"q":null,"size":null,"sort":[]},"html":null,"keyFieldId":null,"name":"(All records)","pager":null,"revision":null,"titleFieldId":null,"view":"20","viewType":"LIST"}]},{"acl":{"app":[],"field":[],"record":[]},"app":null,"category":{"categories":[],"useCategory":"false"},"form":{"layout":"[{\"controlList\":[{\"isVirtical\":true,\"label\":\"SharePointID\",\"styleMap\":{\"width\":193},\"type\":\"DECIMAL\",\"var\":\"SharePointID\"},{\"isVirtical\":true,\"label\":\"SharePointLastModified\",\"styleMap\":{\"width\":193},\"type\":\"SINGLE_LINE_TEXT\",\"var\":\"SharePointLastModified\"}],\"id\":null,\"isSubTable\":false,\"type\":\"ROW\",\"var\":null},{\"controlList\":[{\"isVirtical\":true,\"label\":\"収穫ID\",\"styleMap\":{\"width\":120},\"type\":\"RECORD_ID\",\"var\":\"収穫ID\"},{\"isVirtical\":true,\"label\":\"収穫日付\",\"styleMap\":{\"width\":117},\"type\":\"DATE\",\"var\":\"収穫日付\"}],\"id\":null,\"isSubTable\":false,\"type\":\"ROW\",\"var\":null},{\"controlList\":[{\"label\":\"\\u003Cdiv\\u003E\\u003Cb\\u003E作付・圃場\\u003C/b\\u003E\\u003C/div\\u003E\",\"styleMap\":{\"width\":102},\"type\":\"LABEL\",\"formatted\":\"\\u003Cdiv\\u003E\\u003Cb\\u003E作付・圃場\\u003C/b\\u003E\\u003C/div\\u003E\"}],\"id\":null,\"isSubTable\":false,\"type\":\"ROW\",\"var\":null},{\"controlList\":[{\"isVirtical\":true,\"label\":\"作付ID\",\"styleMap\":{\"width\":246},\"type\":\"DECIMAL\",\"var\":\"作付_SharePointID\"},{\"isVirtical\":true,\"label\":\"作付\",\"styleMap\":{\"width\":193},\"type\":\"SINGLE_LINE_TEXT\",\"var\":\"作付\"},{\"isVirtical\":true,\"label\":\"品種\",\"styleMap\":{\"width\":193},\"type\":\"SINGLE_LINE_TEXT\",\"var\":\"品種\"}],\"id\":null,\"isSubTable\":false,\"type\":\"ROW\",\"var\":null},{\"controlList\":[{\"isVirtical\":true,\"label\":\"圃場ID\",\"styleMap\":{\"width\":255},\"type\":\"DECIMAL\",\"var\":\"圃場_SharePointID\"},{\"isVirtical\":true,\"label\":\"圃場ID\",\"styleMap\":{\"width\":193},\"type\":\"DECIMAL\",\"var\":\"圃場ID\"},{\"isVirtical\":true,\"label\":\"圃場\",\"styleMap\":{\"width\":193},\"type\":\"SINGLE_LINE_TEXT\",\"var\":\"圃場\"},{\"isVirtical\":true,\"label\":\"区画\",\"styleMap\":{\"width\":193},\"type\":\"SINGLE_LINE_TEXT\",\"var\":\"区画\"}],\"id\":null,\"isSubTable\":false,\"type\":\"ROW\",\"var\":null},{\"controlList\":[{\"isVirtical\":true,\"label\":\"数量(kg)\",\"styleMap\":{\"width\":246},\"type\":\"DECIMAL\",\"var\":\"数量\"}],\"id\":null,\"isSubTable\":false,\"type\":\"ROW\",\"var\":null},{\"controlList\":[{\"isVirtical\":true,\"label\":\"列名\",\"styleMap\":{\"width\":193},\"type\":\"SINGLE_LINE_TEXT\",\"var\":\"列名\"},{\"isVirtical\":true,\"label\":\"進捗 (%)\",\"styleMap\":{\"width\":193},\"type\":\"DECIMAL\",\"var\":\"進捗\"}],\"id\":\"8405042\",\"isSubTable\":true,\"type\":\"SUBTABLE\",\"var\":\"収穫詳細\"},{\"controlList\":[{\"isVirtical\":true,\"label\":\"収穫ロット番号\",\"styleMap\":{\"width\":193},\"type\":\"SINGLE_LINE_TEXT\",\"var\":\"収穫ロット番号\"}],\"id\":null,\"isSubTable\":false,\"type\":\"ROW\",\"var\":null},{\"controlList\":[{\"isVirtical\":true,\"label\":\"写真\",\"styleMap\":{\"width\":207},\"type\":\"FILE\",\"var\":\"写真\"}],\"id\":null,\"isSubTable\":false,\"type\":\"ROW\",\"var\":null},{\"controlList\":[{\"isVirtical\":true,\"label\":\"備考\",\"styleMap\":{\"innerHeight\":125,\"width\":315},\"type\":\"MULTIPLE_LINE_TEXT\",\"var\":\"備考\"}],\"id\":null,\"isSubTable\":false,\"type\":\"ROW\",\"var\":null}]","revision":null},"iconMeta":{"internalName":null,"mime":"image/png","name":"harvester.png"},"info":{"automaticallyChooseTitleComponent":"true","code":null,"decimalPrecision":"16","decimalScale":"4","description":"\u003Cdiv\u003E\u003Cbr /\u003E\u003C/div\u003E","enableBulkDeletion":"false","enableRecordReuse":"true","fiscalYearStartMonth":"4","iconKey":"436192","iconType":"BLOB","jsFiles":null,"jsScope":"ALL","name":"収穫管理","roundingMode":"HALF_EVEN","theme":"PLAIN","titleComponentLocalId":null,"useComment":"true","useHistory":"true","useInlineEditAndDelete":"true","useThumbnail":"true"},"jsFiles":[{"jsFileMetas":[{"internalName":null,"locationType":"BLOB","mime":"text/javascript","name":"desktop.css","url":null}],"jsType":"DESKTOP_CSS"},{"jsFileMetas":[{"internalName":null,"locationType":"BLOB","mime":"text/javascript","name":"desktop.js","url":null},{"internalName":null,"locationType":"BLOB","mime":"text/javascript","name":"jquery.min.js","url":null},{"internalName":null,"locationType":"BLOB","mime":"text/javascript","name":"main.js","url":null}],"jsType":"DESKTOP"},{"jsFileMetas":[{"internalName":null,"locationType":"URL","mime":null,"name":null,"url":"https://js.kintone.com/jquery/2.2.4/jquery.min.js"},{"internalName":null,"locationType":"BLOB","mime":"text/javascript","name":"main.js","url":null}],"jsType":"MOBILE"}],"notification":{"appNotifications":[{"events":["RECORD_COMMENT_ADDED"],"target":{"entityId":"8401610","entityType":"FIELD_ENTITY","includeSubs":"false"}},{"events":["RECORD_COMMENT_ADDED"],"target":{"entityId":"8401611","entityType":"FIELD_ENTITY","includeSubs":"false"}}],"recordNotifications":[],"reminderTimezone":null,"reminders":[],"useComment":"true","useReminder":"false"},"plugins":[{"enabled":"true","id":"jjolfbjiophiocnpjgmpjncfckcccogf"},{"enabled":"true","id":"dhgjkaammojmbkecclgbpenbpnejohfc"}],"reports":[],"resource":{"tables":[{"rows":[{"fields":[],"objectId":"0","subObjectId":"-1"}],"type":"AppName"},{"rows":[{"fields":[],"objectId":"0","subObjectId":"-1"}],"type":"AppDescription"},{"rows":[{"fields":[],"objectId":"8401609","subObjectId":"-1"},{"fields":[],"objectId":"8401610","subObjectId":"-1"},{"fields":[],"objectId":"8401611","subObjectId":"-1"},{"fields":[],"objectId":"8401612","subObjectId":"-1"},{"fields":[],"objectId":"8401613","subObjectId":"-1"},{"fields":[],"objectId":"8401614","subObjectId":"-1"},{"fields":[],"objectId":"8401615","subObjectId":"-1"},{"fields":[],"objectId":"8401616","subObjectId":"-1"},{"fields":[],"objectId":"8401617","subObjectId":"-1"},{"fields":[],"objectId":"8401631","subObjectId":"-1"},{"fields":[],"objectId":"8401656","subObjectId":"-1"},{"fields":[],"objectId":"8401657","subObjectId":"-1"},{"fields":[],"objectId":"8401783","subObjectId":"-1"},{"fields":[],"objectId":"8401784","subObjectId":"-1"},{"fields":[],"objectId":"8404657","subObjectId":"-1"},{"fields":[],"objectId":"8404668","subObjectId":"-1"},{"fields":[],"objectId":"8404669","subObjectId":"-1"},{"fields":[],"objectId":"8405019","subObjectId":"-1"},{"fields":[],"objectId":"8405020","subObjectId":"-1"},{"fields":[],"objectId":"8405022","subObjectId":"-1"},{"fields":[],"objectId":"8405023","subObjectId":"-1"},{"fields":[],"objectId":"8405024","subObjectId":"-1"},{"fields":[],"objectId":"8405042","subObjectId":"-1"},{"fields":[],"objectId":"8405040","subObjectId":"-1"},{"fields":[],"objectId":"8405041","subObjectId":"-1"}],"type":"FieldLabel"},{"rows":[{"fields":[],"objectId":"20","subObjectId":"-1"}],"type":"ViewName"},{"rows":[],"type":"CategoryName"}]},"schema":{"groups":[],"revision":null,"subTable":{"8405042":{"fieldList":{"8405040":{"id":"8405040","label":"列名","properties":{"defaultValue":"","expression":"","hideExpression":"false","max":null,"min":null,"noLabel":"false","required":"false","unique":"false"},"type":"SINGLE_LINE_TEXT","var":"列名"},"8405041":{"id":"8405041","label":"進捗 (%)","properties":{"defaultValue":null,"digit":"false","displayScale":null,"max":"100","min":"0","noLabel":"false","required":"false","roundingMode":null,"scale":null,"unique":"false","unit":"%","unitPosition":"AFTER"},"type":"DECIMAL","var":"進捗"}},"id":"8405042","label":"収穫詳細","properties":{"noLabel":"false"},"var":"収穫詳細"}},"table":{"fieldList":{"8401609":{"id":"8401609","label":"収穫ID","properties":{"noLabel":"false","required":"true"},"type":"RECORD_ID","var":"収穫ID"},"8401610":{"id":"8401610","label":"Updated by","properties":{"noLabel":"false","required":"true"},"type":"MODIFIER","var":"Updated_by"},"8401611":{"id":"8401611","label":"Created by","properties":{"noLabel":"false","required":"true"},"type":"CREATOR","var":"Created_by"},"8401612":{"id":"8401612","label":"Updated datetime","properties":{"noLabel":"false","required":"true"},"type":"MODIFIED_AT","var":"Updated_datetime"},"8401613":{"id":"8401613","label":"Created datetime","properties":{"noLabel":"false","required":"true"},"type":"CREATED_AT","var":"Created_datetime"},"8401614":{"id":"8401614","label":"Status","properties":{"noLabel":"false","required":"false"},"type":"STATUS","var":"Status"},"8401615":{"id":"8401615","label":"Assignee","properties":{"noLabel":"false","required":"false"},"type":"STATUS_ASSIGNEE","var":"Assignee"},"8401616":{"id":"8401616","label":"Categories","properties":{"noLabel":"false","required":"false"},"type":"CATEGORY","var":"Categories"},"8401617":{"id":"8401617","label":"収穫日付","properties":{"defaultExpression":null,"defaultValue":null,"noLabel":"false","required":"true","unique":"false"},"type":"DATE","var":"収穫日付"},"8401631":{"id":"8401631","label":"収穫ロット番号","properties":{"defaultValue":"","expression":"","hideExpression":"false","max":"64","min":null,"noLabel":"false","required":"false","unique":"true"},"type":"SINGLE_LINE_TEXT","var":"収穫ロット番号"},"8401656":{"id":"8401656","label":"写真","properties":{"noLabel":"false","required":"false","thumbnailSize":"150"},"type":"FILE","var":"写真"},"8401657":{"id":"8401657","label":"備考","properties":{"defaultValue":"","noLabel":"false","required":"false"},"type":"MULTIPLE_LINE_TEXT","var":"備考"},"8401783":{"id":"8401783","label":"品種","properties":{"defaultValue":"","expression":"","hideExpression":"false","max":null,"min":null,"noLabel":"false","required":"true","unique":"false"},"type":"SINGLE_LINE_TEXT","var":"品種"},"8401784":{"id":"8401784","label":"数量(kg)","properties":{"defaultValue":null,"digit":"true","displayScale":null,"max":null,"min":null,"noLabel":"false","required":"false","roundingMode":null,"scale":null,"unique":"false","unit":"","unitPosition":"BEFORE"},"type":"DECIMAL","var":"数量"},"8404657":{"id":"8404657","label":"区画","properties":{"defaultValue":"","expression":"","hideExpression":"false","max":null,"min":null,"noLabel":"false","required":"false","unique":"false"},"type":"SINGLE_LINE_TEXT","var":"区画"},"8404668":{"id":"8404668","label":"SharePointID","properties":{"defaultValue":null,"digit":"false","displayScale":null,"max":null,"min":null,"noLabel":"false","required":"false","roundingMode":null,"scale":null,"unique":"true","unit":"","unitPosition":"BEFORE"},"type":"DECIMAL","var":"SharePointID"},"8404669":{"id":"8404669","label":"SharePointLastModified","properties":{"defaultValue":"","expression":"","hideExpression":"false","max":null,"min":null,"noLabel":"false","required":"false","unique":"false"},"type":"SINGLE_LINE_TEXT","var":"SharePointLastModified"},"8405019":{"id":"8405019","label":"作付ID","properties":{"defaultValue":null,"digit":"false","displayScale":null,"max":null,"min":null,"noLabel":"false","required":"true","roundingMode":null,"scale":null,"unique":"false","unit":null,"unitPosition":"BEFORE"},"type":"DECIMAL","var":"作付_SharePointID"},"8405020":{"id":"8405020","label":"作付","properties":{"defaultValue":"","expression":"","hideExpression":"false","max":null,"min":null,"noLabel":"false","required":"true","unique":"false"},"type":"SINGLE_LINE_TEXT","var":"作付"},"8405022":{"id":"8405022","label":"圃場ID","properties":{"defaultValue":null,"digit":"false","displayScale":null,"max":null,"min":null,"noLabel":"false","required":"true","roundingMode":null,"scale":null,"unique":"false","unit":"","unitPosition":"BEFORE"},"type":"DECIMAL","var":"圃場ID"},"8405023":{"id":"8405023","label":"圃場","properties":{"defaultValue":"","expression":"","hideExpression":"false","max":null,"min":null,"noLabel":"false","required":"true","unique":"false"},"type":"SINGLE_LINE_TEXT","var":"圃場"},"8405024":{"id":"8405024","label":"圃場ID","properties":{"defaultValue":null,"digit":"false","displayScale":null,"max":null,"min":null,"noLabel":"false","required":"true","roundingMode":null,"scale":null,"unique":"false","unit":null,"unitPosition":"BEFORE"},"type":"DECIMAL","var":"圃場_SharePointID"}},"id":"1","label":"__ROOT__","properties":null,"var":"__ROOT__"}},"settingsNotesForm":{"content":null,"willBeInherited":null},"status":{"actions":[],"filters":[],"initialStateId":null,"states":[],"useStatus":"false"},"uuid":"94b6e505-c99c-4f91-aeca-4e2c52a12ef7","views":[{"advancedMode":null,"builtinType":"ALL","device":null,"fields":[{"row":[{"columnWidth":null,"id":"8401609"},{"columnWidth":null,"id":"8401617"},{"columnWidth":null,"id":"8401631"},{"columnWidth":null,"id":"8401656"},{"columnWidth":null,"id":"8401657"},{"columnWidth":null,"id":"8401783"},{"columnWidth":null,"id":"8401784"},{"columnWidth":null,"id":"8404657"},{"columnWidth":null,"id":"8404668"},{"columnWidth":null,"id":"8404669"},{"columnWidth":null,"id":"8405019"},{"columnWidth":null,"id":"8405020"},{"columnWidth":null,"id":"8405022"},{"columnWidth":null,"id":"8405023"},{"columnWidth":null,"id":"8405024"}]}],"filter":{"category":null,"offset":null,"order":[],"q":null,"size":null,"sort":[]},"html":null,"keyFieldId":null,"name":"(All records)","pager":null,"revision":null,"titleFieldId":null,"view":"20","viewType":"LIST"}]}],"description":"","iconKey":"202512221726343742D2C2392E4C3286225E558BC1D40A259","iconMeta":{"internalName":null,"mime":"image/png","name":"harvester.png"},"iconSrcAppId":"94b6e505-c99c-4f91-aeca-4e2c52a12ef7","iconType":"BLOB","imagesMeta":[],"lookups":[{"actingAppId":"b5df7077-25a7-4e5d-a74d-74caa72292ed","fieldMappings":[{"fieldId":"8402127","targetFieldId":"8402128"}],"keyMapping":{"fieldId":"8401772","targetFieldId":"8401550"},"listFields":["8401550","8402128"],"query":{"category":null,"offset":null,"order":["desc"],"q":"order by f8401542 desc","size":null,"sort":["f8401542"]},"targetAppId":"34236860-d886-4047-bb6a-9c95f8d61527"},{"actingAppId":"b5df7077-25a7-4e5d-a74d-74caa72292ed","fieldMappings":[],"keyMapping":{"fieldId":"8404631","targetFieldId":"8401562"},"listFields":[],"query":{"category":null,"offset":null,"order":["desc"],"q":"order by f8401554 desc","size":null,"sort":["f8401554"]},"targetAppId":"0bb7a8d3-4a1b-4edf-9450-9e47d9181128"},{"actingAppId":"94b6e505-c99c-4f91-aeca-4e2c52a12ef7","fieldMappings":[{"fieldId":"8401783","targetFieldId":"8401772"},{"fieldId":"8405020","targetFieldId":"8401771"}],"keyMapping":{"fieldId":"8405019","targetFieldId":"8404664"},"listFields":["8401771","8401772","8401775","8401776","8401777"],"query":{"category":null,"offset":null,"order":["desc"],"q":"order by f8401763 desc","size":null,"sort":["f8401763"]},"targetAppId":"b5df7077-25a7-4e5d-a74d-74caa72292ed"},{"actingAppId":"94b6e505-c99c-4f91-aeca-4e2c52a12ef7","fieldMappings":[{"fieldId":"8405022","targetFieldId":"8401554"},{"fieldId":"8405023","targetFieldId":"8401562"}],"keyMapping":{"fieldId":"8405024","targetFieldId":"8404662"},"listFields":["8401562"],"query":{"category":null,"offset":null,"order":["desc"],"q":"order by f8401554 desc","size":null,"sort":["f8401554"]},"targetAppId":"0bb7a8d3-4a1b-4edf-9450-9e47d9181128"}],"name":"収穫管理","references":[],"version":"44"}