{"actions":[],"apps":[{"acl":{"app":[],"field":[],"record":[]},"app":null,"category":{"categories":[],"useCategory":"false"},"form":{"layout":"[{\"id\":null,\"type\":\"ROW\",\"isSubTable\":false,\"var\":null,\"label\":null,\"controlList\":[{\"isVirtical\":true,\"styleMap\":{\"width\":193},\"type\":\"SINGLE_LINE_TEXT\",\"var\":\"品種名\",\"label\":\"品種名\"},{\"isVirtical\":true,\"styleMap\":{\"width\":193},\"type\":\"SINGLE_LINE_TEXT\",\"var\":\"単位\",\"label\":\"単位\"}]}]","revision":null},"iconMeta":{"internalName":null,"mime":"image/png","name":"master_icon.png"},"info":{"automaticallyChooseTitleComponent":"true","code":null,"decimalPrecision":"16","decimalScale":"4","description":"\u003Cdiv\u003E\u003Cb\u003E説明\u003C/b\u003E\u003Cdiv\u003E\u003Cspan style=\"color:rgb( 36 , 36 , 36 );font-family:&#39;yu gothic&#39; , &#39;meiryo ui&#39; , &#39;ms ui gothic&#39; , &#39;ms pgothic&#39; , , &#39;ms gothic&#39; , , &#39;calibri&#39; , sans-serif , &#39;mongolian baiti&#39; , &#39;microsoft yi baiti&#39; , &#39;javanese text&#39;;font-size:14.6667px\"\u003E複数の品種を区別して、品種ごとにを記録\u003C/span\u003E\u003Cbr /\u003E\u003C/div\u003E\u003Cdiv\u003E\u003Cspan style=\"color:rgb( 36 , 36 , 36 );font-family:&#39;yu gothic&#39; , &#39;meiryo ui&#39; , &#39;ms ui gothic&#39; , &#39;ms pgothic&#39; , , &#39;ms gothic&#39; , , &#39;calibri&#39; , sans-serif , &#39;mongolian baiti&#39; , &#39;microsoft yi baiti&#39; , &#39;javanese text&#39;;font-size:14.6667px\"\u003E機能&#xff1b;\u003C/span\u003E\u003Cspan style=\"color:rgb( 36 , 36 , 36 );font-family:&#39;yu gothic&#39; , &#39;meiryo ui&#39; , &#39;ms ui gothic&#39; , &#39;ms pgothic&#39; , , &#39;ms gothic&#39; , , &#39;calibri&#39; , sans-serif , &#39;mongolian baiti&#39; , &#39;microsoft yi baiti&#39; , &#39;javanese text&#39;;font-size:14.6667px\"\u003E新しい品種を登録する・\u003C/span\u003E\u003Cspan style=\"color:rgb( 36 , 36 , 36 );font-family:&#39;yu gothic&#39; , &#39;meiryo ui&#39; , &#39;ms ui gothic&#39; , &#39;ms pgothic&#39; , , &#39;ms gothic&#39; , , &#39;calibri&#39; , sans-serif , &#39;mongolian baiti&#39; , &#39;microsoft yi baiti&#39; , &#39;javanese text&#39;;font-size:14.6667px\"\u003E存在している品種の情報を修正する・\u003C/span\u003E\u003Cspan style=\"color:rgb( 36 , 36 , 36 );font-family:&#39;yu gothic&#39; , &#39;meiryo ui&#39; , &#39;ms ui gothic&#39; , &#39;ms pgothic&#39; , , &#39;ms gothic&#39; , , &#39;calibri&#39; , sans-serif , &#39;mongolian baiti&#39; , &#39;microsoft yi baiti&#39; , &#39;javanese text&#39;;font-size:14.6667px\"\u003E品種情報を削除する。\u003C/span\u003E\u003C/div\u003E\u003C/div\u003E","enableBulkDeletion":"false","enableRecordReuse":"true","fiscalYearStartMonth":"4","iconKey":"436383","iconType":"BLOB","jsFiles":null,"jsScope":"ALL","name":"品種マスター管理","roundingMode":"HALF_EVEN","theme":"PLAIN","titleComponentLocalId":null,"useComment":"true","useHistory":"true","useInlineEditAndDelete":"true","useThumbnail":"true"},"jsFiles":[],"notification":{"appNotifications":[{"events":["RECORD_COMMENT_ADDED"],"target":{"entityId":"8401543","entityType":"FIELD_ENTITY","includeSubs":"false"}},{"events":["RECORD_COMMENT_ADDED"],"target":{"entityId":"8401544","entityType":"FIELD_ENTITY","includeSubs":"false"}}],"recordNotifications":[],"reminderTimezone":null,"reminders":[],"useComment":"true","useReminder":"false"},"plugins":[{"enabled":"true","id":"mlejgiphgolcmmlngilpciapimhkmilh"}],"reports":[],"resource":{"tables":[{"rows":[{"fields":[{"language":"zh","value":""},{"language":"en","value":""},{"language":"ja","value":""}],"objectId":"0","subObjectId":"-1"}],"type":"AppName"},{"rows":[{"fields":[{"language":"zh","value":""},{"language":"en","value":"\u003Cdiv\u003E\u003Cb\u003E説明\u003C/b\u003E\u003Cdiv\u003E\u003Cspan style=\"color:rgb( 36 , 36 , 36 );font-family:&#39;yu gothic&#39; , &#39;meiryo ui&#39; , &#39;ms ui gothic&#39; , &#39;ms pgothic&#39; , , &#39;ms gothic&#39; , , &#39;calibri&#39; , sans-serif , &#39;mongolian baiti&#39; , &#39;microsoft yi baiti&#39; , &#39;javanese text&#39;;font-size:14.6667px\"\u003E複数の品種を区別して、品種ごとにを記録\u003C/span\u003E\u003Cbr /\u003E\u003C/div\u003E\u003Cdiv\u003E\u003Cspan style=\"color:rgb( 36 , 36 , 36 );font-family:&#39;yu gothic&#39; , &#39;meiryo ui&#39; , &#39;ms ui gothic&#39; , &#39;ms pgothic&#39; , , &#39;ms gothic&#39; , , &#39;calibri&#39; , sans-serif , &#39;mongolian baiti&#39; , &#39;microsoft yi baiti&#39; , &#39;javanese text&#39;;font-size:14.6667px\"\u003E機能&#xff1b;\u003C/span\u003E\u003Cspan style=\"color:rgb( 36 , 36 , 36 );font-family:&#39;yu gothic&#39; , &#39;meiryo ui&#39; , &#39;ms ui gothic&#39; , &#39;ms pgothic&#39; , , &#39;ms gothic&#39; , , &#39;calibri&#39; , sans-serif , &#39;mongolian baiti&#39; , &#39;microsoft yi baiti&#39; , &#39;javanese text&#39;;font-size:14.6667px\"\u003E新しい品種を登録する・\u003C/span\u003E\u003Cspan style=\"color:rgb( 36 , 36 , 36 );font-family:&#39;yu gothic&#39; , &#39;meiryo ui&#39; , &#39;ms ui gothic&#39; , &#39;ms pgothic&#39; , , &#39;ms gothic&#39; , , &#39;calibri&#39; , sans-serif , &#39;mongolian baiti&#39; , &#39;microsoft yi baiti&#39; , &#39;javanese text&#39;;font-size:14.6667px\"\u003E存在している品種の情報を修正する・\u003C/span\u003E\u003Cspan style=\"color:rgb( 36 , 36 , 36 );font-family:&#39;yu gothic&#39; , &#39;meiryo ui&#39; , &#39;ms ui gothic&#39; , &#39;ms pgothic&#39; , , &#39;ms gothic&#39; , , &#39;calibri&#39; , sans-serif , &#39;mongolian baiti&#39; , &#39;microsoft yi baiti&#39; , &#39;javanese text&#39;;font-size:14.6667px\"\u003E品種情報を削除する。\u003C/span\u003E\u003C/div\u003E\u003C/div\u003E"},{"language":"ja","value":"\u003Cdiv\u003E\u003Cb\u003E説明\u003C/b\u003E\u003Cdiv\u003E\u003Cspan style=\"color:rgb( 36 , 36 , 36 );font-family:&#39;yu gothic&#39; , &#39;meiryo ui&#39; , &#39;ms ui gothic&#39; , &#39;ms pgothic&#39; , , &#39;ms gothic&#39; , , &#39;calibri&#39; , sans-serif , &#39;mongolian baiti&#39; , &#39;microsoft yi baiti&#39; , &#39;javanese text&#39;;font-size:14.6667px\"\u003E複数の品種を区別して、品種ごとにを記録\u003C/span\u003E\u003Cbr /\u003E\u003C/div\u003E\u003Cdiv\u003E\u003Cspan style=\"color:rgb( 36 , 36 , 36 );font-family:&#39;yu gothic&#39; , &#39;meiryo ui&#39; , &#39;ms ui gothic&#39; , &#39;ms pgothic&#39; , , &#39;ms gothic&#39; , , &#39;calibri&#39; , sans-serif , &#39;mongolian baiti&#39; , &#39;microsoft yi baiti&#39; , &#39;javanese text&#39;;font-size:14.6667px\"\u003E機能&#xff1b;\u003C/span\u003E\u003Cspan style=\"color:rgb( 36 , 36 , 36 );font-family:&#39;yu gothic&#39; , &#39;meiryo ui&#39; , &#39;ms ui gothic&#39; , &#39;ms pgothic&#39; , , &#39;ms gothic&#39; , , &#39;calibri&#39; , sans-serif , &#39;mongolian baiti&#39; , &#39;microsoft yi baiti&#39; , &#39;javanese text&#39;;font-size:14.6667px\"\u003E新しい品種を登録する・\u003C/span\u003E\u003Cspan style=\"color:rgb( 36 , 36 , 36 );font-family:&#39;yu gothic&#39; , &#39;meiryo ui&#39; , &#39;ms ui gothic&#39; , &#39;ms pgothic&#39; , , &#39;ms gothic&#39; , , &#39;calibri&#39; , sans-serif , &#39;mongolian baiti&#39; , &#39;microsoft yi baiti&#39; , &#39;javanese text&#39;;font-size:14.6667px\"\u003E存在している品種の情報を修正する・\u003C/span\u003E\u003Cspan style=\"color:rgb( 36 , 36 , 36 );font-family:&#39;yu gothic&#39; , &#39;meiryo ui&#39; , &#39;ms ui gothic&#39; , &#39;ms pgothic&#39; , , &#39;ms gothic&#39; , , &#39;calibri&#39; , sans-serif , &#39;mongolian baiti&#39; , &#39;microsoft yi baiti&#39; , &#39;javanese text&#39;;font-size:14.6667px\"\u003E品種情報を削除する。\u003C/span\u003E\u003C/div\u003E\u003C/div\u003E"}],"objectId":"0","subObjectId":"-1"}],"type":"AppDescription"},{"rows":[{"fields":[{"language":"zh","value":""},{"language":"en","value":""},{"language":"ja","value":""}],"objectId":"8401542","subObjectId":"-1"},{"fields":[{"language":"zh","value":""},{"language":"en","value":""},{"language":"ja","value":""}],"objectId":"8401543","subObjectId":"-1"},{"fields":[{"language":"zh","value":""},{"language":"en","value":""},{"language":"ja","value":""}],"objectId":"8401544","subObjectId":"-1"},{"fields":[{"language":"zh","value":""},{"language":"en","value":""},{"language":"ja","value":""}],"objectId":"8401545","subObjectId":"-1"},{"fields":[{"language":"zh","value":""},{"language":"en","value":""},{"language":"ja","value":""}],"objectId":"8401546","subObjectId":"-1"},{"fields":[{"language":"zh","value":""},{"language":"en","value":""},{"language":"ja","value":""}],"objectId":"8401547","subObjectId":"-1"},{"fields":[{"language":"zh","value":""},{"language":"en","value":""},{"language":"ja","value":""}],"objectId":"8401548","subObjectId":"-1"},{"fields":[{"language":"zh","value":""},{"language":"en","value":""},{"language":"ja","value":""}],"objectId":"8401549","subObjectId":"-1"},{"fields":[{"language":"zh","value":""},{"language":"en","value":""},{"language":"ja","value":""}],"objectId":"8401550","subObjectId":"-1"},{"fields":[{"language":"zh","value":""},{"language":"en","value":""},{"language":"ja","value":""}],"objectId":"8402128","subObjectId":"-1"}],"type":"FieldLabel"},{"rows":[{"fields":[{"language":"zh","value":""},{"language":"en","value":""},{"language":"ja","value":""}],"objectId":"20","subObjectId":"-1"}],"type":"ViewName"},{"rows":[],"type":"CategoryName"}]},"schema":{"groups":[],"revision":null,"subTable":{},"table":{"fieldList":{"8401542":{"id":"8401542","label":"Record number","properties":{"noLabel":"false","required":"true"},"type":"RECORD_ID","var":"Record_number"},"8401543":{"id":"8401543","label":"Updated by","properties":{"noLabel":"false","required":"true"},"type":"MODIFIER","var":"Updated_by"},"8401544":{"id":"8401544","label":"Created by","properties":{"noLabel":"false","required":"true"},"type":"CREATOR","var":"Created_by"},"8401545":{"id":"8401545","label":"Updated datetime","properties":{"noLabel":"false","required":"true"},"type":"MODIFIED_AT","var":"Updated_datetime"},"8401546":{"id":"8401546","label":"Created datetime","properties":{"noLabel":"false","required":"true"},"type":"CREATED_AT","var":"Created_datetime"},"8401547":{"id":"8401547","label":"Status","properties":{"noLabel":"false","required":"false"},"type":"STATUS","var":"Status"},"8401548":{"id":"8401548","label":"Assignee","properties":{"noLabel":"false","required":"false"},"type":"STATUS_ASSIGNEE","var":"Assignee"},"8401549":{"id":"8401549","label":"Categories","properties":{"noLabel":"false","required":"false"},"type":"CATEGORY","var":"Categories"},"8401550":{"id":"8401550","label":"品種名","properties":{"defaultValue":"","expression":"","hideExpression":"false","max":"64","min":null,"noLabel":"false","required":"true","unique":"true"},"type":"SINGLE_LINE_TEXT","var":"品種名"},"8402128":{"id":"8402128","label":"単位","properties":{"defaultValue":"","expression":"","hideExpression":"false","max":null,"min":null,"noLabel":"false","required":"false","unique":"false"},"type":"SINGLE_LINE_TEXT","var":"単位"}},"id":"1","label":"__ROOT__","properties":null,"var":"__ROOT__"}},"settingsNotesForm":{"content":null,"willBeInherited":null},"status":{"actions":[],"filters":[],"initialStateId":null,"states":[],"useStatus":"false"},"uuid":"2c56c468-a3a0-4081-aed0-e3fc1253ab09","views":[{"advancedMode":null,"builtinType":"ALL","device":null,"fields":[{"row":[{"columnWidth":null,"id":"8401542"},{"columnWidth":null,"id":"8401550"},{"columnWidth":null,"id":"8402128"}]}],"filter":{"category":null,"offset":null,"order":[],"q":null,"size":null,"sort":[]},"html":null,"keyFieldId":null,"name":"(All records)","pager":null,"revision":null,"titleFieldId":null,"view":"20","viewType":"LIST"}]}],"description":"","iconKey":"20251222173653BB4ECABA9FEC481290CDCD6BAC50C6F9053","iconMeta":{"internalName":null,"mime":"image/png","name":"master_icon.png"},"iconSrcAppId":"2c56c468-a3a0-4081-aed0-e3fc1253ab09","iconType":"BLOB","imagesMeta":[],"lookups":[],"name":"品種マスター管理","references":[],"version":"44"}