{"actions":[],"apps":[{"acl":{"app":[],"field":[],"record":[]},"app":null,"category":{"categories":[],"useCategory":"false"},"form":{"layout":"[{\"id\":null,\"type\":\"ROW\",\"isSubTable\":false,\"var\":null,\"label\":null,\"controlList\":[{\"isVirtical\":true,\"styleMap\":{\"width\":193},\"type\":\"DECIMAL\",\"var\":\"SharePointID\",\"label\":\"SharePointID\"},{\"isVirtical\":true,\"styleMap\":{\"width\":193},\"type\":\"SINGLE_LINE_TEXT\",\"var\":\"休憩名\",\"label\":\"休憩名\"},{\"isVirtical\":true,\"styleMap\":{\"width\":101},\"type\":\"TIME\",\"var\":\"開始\",\"label\":\"開始\"},{\"isVirtical\":true,\"styleMap\":{\"width\":101},\"type\":\"TIME\",\"var\":\"終了\",\"label\":\"終了\"},{\"isVirtical\":true,\"styleMap\":{\"width\":193},\"type\":\"CALC\",\"var\":\"休憩時間\",\"label\":\"休憩時間\"}]},{\"id\":null,\"type\":\"ROW\",\"isSubTable\":false,\"var\":null,\"label\":null,\"controlList\":[{\"isVirtical\":true,\"styleMap\":{\"width\":193},\"type\":\"SINGLE_LINE_TEXT\",\"var\":\"SharePointLastModified\",\"label\":\"SharePointLastModified\"}]}]","revision":null},"iconMeta":{"internalName":null,"mime":"image/png","name":"master_icon.png"},"info":{"automaticallyChooseTitleComponent":"true","code":null,"decimalPrecision":"16","decimalScale":"4","description":"\u003Cdiv\u003E\u003Cb\u003E説明\u003C/b\u003E\u003Cbr /\u003E農場では実際の作業の性質上、昼休み以外にも他の休憩時間があります。\u003Cbr /\u003E適切な休憩時間枠を簡単に管理・変更できる休憩ブロック管理。\u003Cbr /\u003E機能&#xff1b;\u003Cspan style=\"color:rgb( 36 , 36 , 36 );font-family:&#39;yu gothic&#39; , &#39;meiryo ui&#39; , &#39;ms ui gothic&#39; , &#39;ms pgothic&#39; , , &#39;ms gothic&#39; , , &#39;calibri&#39; , sans-serif , &#39;mongolian baiti&#39; , &#39;microsoft yi baiti&#39; , &#39;javanese text&#39;;font-size:14.6667px\"\u003E新しい休憩を登録する・\u003C/span\u003E\u003Cspan style=\"color:rgb( 36 , 36 , 36 );font-family:&#39;yu gothic&#39; , &#39;meiryo ui&#39; , &#39;ms ui gothic&#39; , &#39;ms pgothic&#39; , , &#39;ms gothic&#39; , , &#39;calibri&#39; , sans-serif , &#39;mongolian baiti&#39; , &#39;microsoft yi baiti&#39; , &#39;javanese text&#39;;font-size:14.6667px\"\u003E存在している休憩の情報を修正する・\u003C/span\u003E\u003Cspan style=\"color:rgb( 36 , 36 , 36 );font-family:&#39;yu gothic&#39; , &#39;meiryo ui&#39; , &#39;ms ui gothic&#39; , &#39;ms pgothic&#39; , , &#39;ms gothic&#39; , , &#39;calibri&#39; , sans-serif , &#39;mongolian baiti&#39; , &#39;microsoft yi baiti&#39; , &#39;javanese text&#39;;font-size:14.6667px\"\u003E休憩情報を削除する。\u003C/span\u003E\u003C/div\u003E","enableBulkDeletion":"true","enableRecordReuse":"true","fiscalYearStartMonth":"4","iconKey":"436370","iconType":"BLOB","jsFiles":null,"jsScope":"ALL","name":"休憩マスター管理","roundingMode":"HALF_EVEN","theme":"PLAIN","titleComponentLocalId":null,"useComment":"true","useHistory":"true","useInlineEditAndDelete":"true","useThumbnail":"true"},"jsFiles":[],"notification":{"appNotifications":[{"events":["RECORD_COMMENT_ADDED"],"target":{"entityId":"6424567","entityType":"FIELD_ENTITY","includeSubs":"false"}},{"events":["RECORD_COMMENT_ADDED"],"target":{"entityId":"6424568","entityType":"FIELD_ENTITY","includeSubs":"false"}}],"recordNotifications":[],"reminderTimezone":null,"reminders":[],"useComment":"true","useReminder":"false"},"plugins":[{"enabled":"true","id":"jjolfbjiophiocnpjgmpjncfckcccogf"},{"enabled":"true","id":"dhgjkaammojmbkecclgbpenbpnejohfc"}],"reports":[],"resource":{"tables":[{"rows":[{"fields":[{"language":"zh","value":""},{"language":"en","value":""},{"language":"ja","value":""}],"objectId":"0","subObjectId":"-1"}],"type":"AppName"},{"rows":[{"fields":[{"language":"zh","value":""},{"language":"en","value":"\u003Cdiv\u003E\u003Cb\u003E説明\u003C/b\u003E\u003Cbr /\u003E農場では実際の作業の性質上、昼休み以外にも他の休憩時間があります。\u003Cbr /\u003E適切な休憩時間枠を簡単に管理・変更できる休憩ブロック管理。\u003Cbr /\u003E機能&#xff1b;\u003Cspan style=\"color:rgb( 36 , 36 , 36 );font-family:&#39;yu gothic&#39; , &#39;meiryo ui&#39; , &#39;ms ui gothic&#39; , &#39;ms pgothic&#39; , , &#39;ms gothic&#39; , , &#39;calibri&#39; , sans-serif , &#39;mongolian baiti&#39; , &#39;microsoft yi baiti&#39; , &#39;javanese text&#39;;font-size:14.6667px\"\u003E新しい休憩を登録する・\u003C/span\u003E\u003Cspan style=\"color:rgb( 36 , 36 , 36 );font-family:&#39;yu gothic&#39; , &#39;meiryo ui&#39; , &#39;ms ui gothic&#39; , &#39;ms pgothic&#39; , , &#39;ms gothic&#39; , , &#39;calibri&#39; , sans-serif , &#39;mongolian baiti&#39; , &#39;microsoft yi baiti&#39; , &#39;javanese text&#39;;font-size:14.6667px\"\u003E存在している休憩の情報を修正する・\u003C/span\u003E\u003Cspan style=\"color:rgb( 36 , 36 , 36 );font-family:&#39;yu gothic&#39; , &#39;meiryo ui&#39; , &#39;ms ui gothic&#39; , &#39;ms pgothic&#39; , , &#39;ms gothic&#39; , , &#39;calibri&#39; , sans-serif , &#39;mongolian baiti&#39; , &#39;microsoft yi baiti&#39; , &#39;javanese text&#39;;font-size:14.6667px\"\u003E休憩情報を削除する。\u003C/span\u003E\u003C/div\u003E"},{"language":"ja","value":"\u003Cdiv\u003E\u003Cb\u003E説明\u003C/b\u003E\u003Cbr /\u003E農場では実際の作業の性質上、昼休み以外にも他の休憩時間があります。\u003Cbr /\u003E適切な休憩時間枠を簡単に管理・変更できる休憩ブロック管理。\u003Cbr /\u003E機能&#xff1b;\u003Cspan style=\"color:rgb( 36 , 36 , 36 );font-family:&#39;yu gothic&#39; , &#39;meiryo ui&#39; , &#39;ms ui gothic&#39; , &#39;ms pgothic&#39; , , &#39;ms gothic&#39; , , &#39;calibri&#39; , sans-serif , &#39;mongolian baiti&#39; , &#39;microsoft yi baiti&#39; , &#39;javanese text&#39;;font-size:14.6667px\"\u003E新しい休憩を登録する・\u003C/span\u003E\u003Cspan style=\"color:rgb( 36 , 36 , 36 );font-family:&#39;yu gothic&#39; , &#39;meiryo ui&#39; , &#39;ms ui gothic&#39; , &#39;ms pgothic&#39; , , &#39;ms gothic&#39; , , &#39;calibri&#39; , sans-serif , &#39;mongolian baiti&#39; , &#39;microsoft yi baiti&#39; , &#39;javanese text&#39;;font-size:14.6667px\"\u003E存在している休憩の情報を修正する・\u003C/span\u003E\u003Cspan style=\"color:rgb( 36 , 36 , 36 );font-family:&#39;yu gothic&#39; , &#39;meiryo ui&#39; , &#39;ms ui gothic&#39; , &#39;ms pgothic&#39; , , &#39;ms gothic&#39; , , &#39;calibri&#39; , sans-serif , &#39;mongolian baiti&#39; , &#39;microsoft yi baiti&#39; , &#39;javanese text&#39;;font-size:14.6667px\"\u003E休憩情報を削除する。\u003C/span\u003E\u003Cbr /\u003E\u003C/div\u003E"}],"objectId":"0","subObjectId":"-1"}],"type":"AppDescription"},{"rows":[{"fields":[{"language":"zh","value":""},{"language":"en","value":""},{"language":"ja","value":""}],"objectId":"6424566","subObjectId":"-1"},{"fields":[{"language":"zh","value":""},{"language":"en","value":""},{"language":"ja","value":""}],"objectId":"6424567","subObjectId":"-1"},{"fields":[{"language":"zh","value":""},{"language":"en","value":""},{"language":"ja","value":""}],"objectId":"6424568","subObjectId":"-1"},{"fields":[{"language":"zh","value":""},{"language":"en","value":""},{"language":"ja","value":""}],"objectId":"6424569","subObjectId":"-1"},{"fields":[{"language":"zh","value":""},{"language":"en","value":""},{"language":"ja","value":""}],"objectId":"6424570","subObjectId":"-1"},{"fields":[{"language":"zh","value":""},{"language":"en","value":""},{"language":"ja","value":""}],"objectId":"6424571","subObjectId":"-1"},{"fields":[{"language":"zh","value":""},{"language":"en","value":""},{"language":"ja","value":""}],"objectId":"6424572","subObjectId":"-1"},{"fields":[{"language":"zh","value":""},{"language":"en","value":""},{"language":"ja","value":""}],"objectId":"6424573","subObjectId":"-1"},{"fields":[{"language":"zh","value":""},{"language":"en","value":""},{"language":"ja","value":""}],"objectId":"6424574","subObjectId":"-1"},{"fields":[],"objectId":"8403630","subObjectId":"-1"},{"fields":[],"objectId":"8403631","subObjectId":"-1"},{"fields":[],"objectId":"8403632","subObjectId":"-1"},{"fields":[],"objectId":"8404649","subObjectId":"-1"},{"fields":[],"objectId":"8404652","subObjectId":"-1"}],"type":"FieldLabel"},{"rows":[{"fields":[{"language":"zh","value":""},{"language":"en","value":""},{"language":"ja","value":""}],"objectId":"20","subObjectId":"-1"}],"type":"ViewName"},{"rows":[],"type":"CategoryName"}]},"schema":{"groups":[],"revision":null,"subTable":{},"table":{"fieldList":{"6424566":{"id":"6424566","label":"ID","properties":{"noLabel":"false","required":"true"},"type":"RECORD_ID","var":"ID"},"6424567":{"id":"6424567","label":"Updated by","properties":{"noLabel":"false","required":"true"},"type":"MODIFIER","var":"Updated_by"},"6424568":{"id":"6424568","label":"Created by","properties":{"noLabel":"false","required":"true"},"type":"CREATOR","var":"Created_by"},"6424569":{"id":"6424569","label":"Updated datetime","properties":{"noLabel":"false","required":"true"},"type":"MODIFIED_AT","var":"Updated_datetime"},"6424570":{"id":"6424570","label":"Created datetime","properties":{"noLabel":"false","required":"true"},"type":"CREATED_AT","var":"Created_datetime"},"6424571":{"id":"6424571","label":"Status","properties":{"noLabel":"false","required":"false"},"type":"STATUS","var":"Status"},"6424572":{"id":"6424572","label":"Assignee","properties":{"noLabel":"false","required":"false"},"type":"STATUS_ASSIGNEE","var":"Assignee"},"6424573":{"id":"6424573","label":"Categories","properties":{"noLabel":"false","required":"false"},"type":"CATEGORY","var":"Categories"},"6424574":{"id":"6424574","label":"休憩名","properties":{"defaultValue":"","expression":"","hideExpression":"false","max":"64","min":null,"noLabel":"false","required":"true","unique":"true"},"type":"SINGLE_LINE_TEXT","var":"休憩名"},"8403630":{"id":"8403630","label":"開始","properties":{"defaultExpression":"NOW","defaultValue":null,"noLabel":"false","required":"true"},"type":"TIME","var":"開始"},"8403631":{"id":"8403631","label":"終了","properties":{"defaultExpression":"NOW","defaultValue":null,"noLabel":"false","required":"true"},"type":"TIME","var":"終了"},"8403632":{"id":"8403632","label":"休憩時間","properties":{"displayScale":null,"expression":"終了-開始","format":"TIME","hideExpression":"false","noLabel":"false","required":"false","roundingMode":null,"scale":null,"unit":"","unitPosition":"BEFORE"},"type":"CALC","var":"休憩時間"},"8404649":{"id":"8404649","label":"SharePointID","properties":{"defaultValue":null,"digit":"false","displayScale":null,"max":null,"min":null,"noLabel":"false","required":"false","roundingMode":null,"scale":null,"unique":"true","unit":"","unitPosition":"BEFORE"},"type":"DECIMAL","var":"SharePointID"},"8404652":{"id":"8404652","label":"SharePointLastModified","properties":{"defaultValue":"","expression":"","hideExpression":"false","max":null,"min":null,"noLabel":"false","required":"false","unique":"false"},"type":"SINGLE_LINE_TEXT","var":"SharePointLastModified"}},"id":"1","label":"__ROOT__","properties":null,"var":"__ROOT__"}},"settingsNotesForm":{"content":null,"willBeInherited":null},"status":{"actions":[],"filters":[],"initialStateId":null,"states":[],"useStatus":"false"},"uuid":"a3641533-27a6-41ba-b302-b32c53452654","views":[{"advancedMode":null,"builtinType":"ALL","device":null,"fields":[{"row":[{"columnWidth":null,"id":"6424566"},{"columnWidth":null,"id":"6424574"},{"columnWidth":null,"id":"8403630"},{"columnWidth":null,"id":"8403631"},{"columnWidth":null,"id":"8403632"},{"columnWidth":null,"id":"8404649"},{"columnWidth":null,"id":"8404652"}]}],"filter":{"category":null,"offset":null,"order":[],"q":null,"size":null,"sort":[]},"html":null,"keyFieldId":null,"name":"(All records)","pager":null,"revision":null,"titleFieldId":null,"view":"20","viewType":"LIST"}]}],"description":"","iconKey":"20251222173454DE0BB23B0B584C97A28717CC9BEA937E336","iconMeta":{"internalName":null,"mime":"image/png","name":"master_icon.png"},"iconSrcAppId":"a3641533-27a6-41ba-b302-b32c53452654","iconType":"BLOB","imagesMeta":[],"lookups":[],"name":"休憩マスター管理","references":[],"version":"44"}