{"actions":[],"apps":[{"acl":{"app":[],"field":[],"record":[]},"app":null,"category":{"categories":[],"useCategory":"false"},"form":{"layout":"[{\"controlList\":[{\"align\":\"horizontal\",\"isVirtical\":true,\"label\":\"freee連携対象\",\"styleMap\":{\"width\":193},\"type\":\"MULTIPLE_CHECK\",\"var\":\"freee連携対象\"}],\"id\":null,\"isSubTable\":false,\"type\":\"ROW\",\"var\":null},{\"controlList\":[{\"label\":\"\\u003Cdiv\\u003Efreeeの取引先に連携する場合は、このチェックボックスに☑️を入れる必要があります。\\u003C/div\\u003E\",\"styleMap\":{\"width\":587},\"type\":\"LABEL\",\"formatted\":\"\\u003Cdiv\\u003Efreeeの取引先に連携する場合は、このチェックボックスに☑️を入れる必要があります。\\u003C/div\\u003E\"}],\"id\":null,\"isSubTable\":false,\"type\":\"ROW\",\"var\":null},{\"controlList\":[{\"label\":\"\\u003Cdiv\\u003E\\u003Cb\\u003E\\u003Cfont size=\\\"2\\\"\\u003E販売先\\u003C/font\\u003E\\u003C/b\\u003E\\u003C/div\\u003E\",\"styleMap\":{\"width\":74},\"type\":\"LABEL\",\"formatted\":\"\\u003Cdiv\\u003E\\u003Cb\\u003E\\u003Cfont size=\\\"2\\\"\\u003E販売先\\u003C/font\\u003E\\u003C/b\\u003E\\u003C/div\\u003E\"}],\"id\":null,\"isSubTable\":false,\"type\":\"ROW\",\"var\":null},{\"controlList\":[{\"isVirtical\":true,\"label\":\"Record number\",\"styleMap\":{\"width\":120},\"type\":\"RECORD_ID\",\"var\":\"Record_number\"},{\"isVirtical\":true,\"label\":\"コード\",\"styleMap\":{\"width\":193},\"type\":\"DECIMAL\",\"var\":\"コード\"},{\"isVirtical\":true,\"label\":\"正式名称\",\"styleMap\":{\"width\":193},\"type\":\"SINGLE_LINE_TEXT\",\"var\":\"正式名称\"},{\"isVirtical\":true,\"label\":\"よみ\",\"styleMap\":{\"width\":193},\"type\":\"SINGLE_LINE_TEXT\",\"var\":\"よみ\"},{\"isVirtical\":true,\"label\":\"敬称\",\"styleMap\":{\"width\":196},\"type\":\"SINGLE_SELECT\",\"var\":\"敬称\"}],\"id\":null,\"isSubTable\":false,\"type\":\"ROW\",\"var\":null},{\"controlList\":[{\"isVirtical\":true,\"label\":\"電話番号\",\"styleMap\":{\"width\":193},\"type\":\"SINGLE_LINE_TEXT\",\"var\":\"電話番号\"},{\"isVirtical\":true,\"label\":\"取引先コード\",\"styleMap\":{\"width\":193},\"type\":\"SINGLE_LINE_TEXT\",\"var\":\"取引先コード\"}],\"id\":null,\"isSubTable\":false,\"type\":\"ROW\",\"var\":null},{\"controlList\":[{\"isVirtical\":true,\"label\":\"郵便番号\",\"styleMap\":{\"width\":193},\"type\":\"SINGLE_LINE_TEXT\",\"var\":\"郵便番号\"},{\"isVirtical\":true,\"label\":\"都道府県コード\",\"styleMap\":{\"width\":193},\"type\":\"DECIMAL\",\"var\":\"都道府県コード\"},{\"isVirtical\":true,\"label\":\"都道府県\",\"styleMap\":{\"width\":196},\"type\":\"SINGLE_SELECT\",\"var\":\"都道府県\"},{\"isVirtical\":true,\"label\":\"市区町村・番地\",\"styleMap\":{\"width\":360},\"type\":\"SINGLE_LINE_TEXT\",\"var\":\"市区町村・番地\"},{\"isVirtical\":true,\"label\":\"建物名・部屋番号\",\"styleMap\":{\"width\":347},\"type\":\"SINGLE_LINE_TEXT\",\"var\":\"建物名・部屋番号\"}],\"id\":null,\"isSubTable\":false,\"type\":\"ROW\",\"var\":null},{\"controlList\":[{\"styleMap\":{\"width\":582},\"type\":\"HR\"}],\"id\":null,\"isSubTable\":false,\"type\":\"ROW\",\"var\":null},{\"controlList\":[{\"isVirtical\":true,\"label\":\"ショートカット1\",\"styleMap\":{\"width\":193},\"type\":\"SINGLE_LINE_TEXT\",\"var\":\"ショートカット1\"},{\"isVirtical\":true,\"label\":\"ショートカット2\",\"styleMap\":{\"width\":193},\"type\":\"SINGLE_LINE_TEXT\",\"var\":\"ショートカット2\"}],\"id\":null,\"isSubTable\":false,\"type\":\"ROW\",\"var\":null},{\"controlList\":[{\"isVirtical\":true,\"label\":\"担当者_氏名\",\"styleMap\":{\"width\":193},\"type\":\"SINGLE_LINE_TEXT\",\"var\":\"担当者_氏名\"},{\"isVirtical\":true,\"label\":\"担当者_メールアドレス\",\"styleMap\":{\"width\":193},\"type\":\"SINGLE_LINE_TEXT\",\"var\":\"担当者_メールアドレス\"}],\"id\":null,\"isSubTable\":false,\"type\":\"ROW\",\"var\":null},{\"controlList\":[{\"align\":\"horizontal\",\"isVirtical\":true,\"label\":\"インボイス制度適格請求書発行事業者\",\"styleMap\":{\"width\":274},\"type\":\"MULTIPLE_CHECK\",\"var\":\"インボイス制度適格請求書発行事業者\"},{\"isVirtical\":true,\"label\":\"インボイス制度適格請求書発行事業者登録番号\",\"styleMap\":{\"width\":330},\"type\":\"SINGLE_LINE_TEXT\",\"var\":\"インボイス制度適格請求書発行事業者登録番号\"}],\"id\":null,\"isSubTable\":false,\"type\":\"ROW\",\"var\":null},{\"controlList\":[{\"canvasData\":[{\"controlList\":[{\"isVirtical\":true,\"label\":\"銀行名\",\"styleMap\":{\"width\":193},\"type\":\"SINGLE_LINE_TEXT\",\"var\":\"銀行名\"},{\"isVirtical\":true,\"label\":\"銀行名（カナ）\",\"styleMap\":{\"width\":192},\"type\":\"SINGLE_LINE_TEXT\",\"var\":\"銀行名_カナ\"},{\"isVirtical\":true,\"label\":\"銀行番号\",\"styleMap\":{\"width\":193},\"type\":\"SINGLE_LINE_TEXT\",\"var\":\"銀行番号\"}],\"id\":null,\"isSubTable\":false,\"type\":\"ROW\",\"var\":null},{\"controlList\":[{\"isVirtical\":true,\"label\":\"支店名\",\"styleMap\":{\"width\":193},\"type\":\"SINGLE_LINE_TEXT\",\"var\":\"支店名\"},{\"isVirtical\":true,\"label\":\"支店名（カナ）\",\"styleMap\":{\"width\":193},\"type\":\"SINGLE_LINE_TEXT\",\"var\":\"支店名_カナ\"},{\"isVirtical\":true,\"label\":\"支店番号\",\"styleMap\":{\"width\":193},\"type\":\"SINGLE_LINE_TEXT\",\"var\":\"支店番号\"}],\"id\":null,\"isSubTable\":false,\"type\":\"ROW\",\"var\":null},{\"controlList\":[{\"isVirtical\":true,\"label\":\"口座種別\",\"styleMap\":{\"width\":196},\"type\":\"SINGLE_SELECT\",\"var\":\"口座種別\"},{\"isVirtical\":true,\"label\":\"口座番号\",\"styleMap\":{\"width\":193},\"type\":\"SINGLE_LINE_TEXT\",\"var\":\"口座番号\"},{\"isVirtical\":true,\"label\":\"受取人名\",\"styleMap\":{\"width\":193},\"type\":\"SINGLE_LINE_TEXT\",\"var\":\"受取人名\"},{\"isVirtical\":true,\"label\":\"受取人名（カナ）\",\"styleMap\":{\"width\":193},\"type\":\"SINGLE_LINE_TEXT\",\"var\":\"受取人名_カナ\"}],\"id\":null,\"isSubTable\":false,\"type\":\"ROW\",\"var\":null}],\"isVirtical\":true,\"label\":\"口座情報\",\"styleMap\":{},\"type\":\"GROUP\",\"var\":\"口座情報\"}],\"id\":null,\"isSubTable\":false,\"type\":\"ROW\",\"var\":null},{\"controlList\":[{\"canvasData\":[{\"controlList\":[{\"isVirtical\":true,\"label\":\"締め日_請求設定\",\"styleMap\":{\"width\":196},\"type\":\"SINGLE_SELECT\",\"var\":\"締め日_請求設定\"},{\"isVirtical\":true,\"label\":\"入金月_請求設定\",\"styleMap\":{\"width\":196},\"type\":\"SINGLE_SELECT\",\"var\":\"入金月_請求設定\"},{\"isVirtical\":true,\"label\":\"入金日_請求設定\",\"styleMap\":{\"width\":196},\"type\":\"SINGLE_SELECT\",\"var\":\"入金日_請求設定\"}],\"id\":null,\"isSubTable\":false,\"type\":\"ROW\",\"var\":null},{\"controlList\":[{\"isVirtical\":true,\"label\":\"請求書送付方法\",\"styleMap\":{\"width\":196},\"type\":\"SINGLE_SELECT\",\"var\":\"請求書送付方法\"}],\"id\":null,\"isSubTable\":false,\"type\":\"ROW\",\"var\":null}],\"isVirtical\":true,\"label\":\"請求設定\",\"styleMap\":{},\"type\":\"GROUP\",\"var\":\"請求設定\"}],\"id\":null,\"isSubTable\":false,\"type\":\"ROW\",\"var\":null},{\"controlList\":[{\"canvasData\":[{\"controlList\":[{\"isVirtical\":true,\"label\":\"締め日_支払設定\",\"styleMap\":{\"width\":196},\"type\":\"SINGLE_SELECT\",\"var\":\"締め日_支払設定\"},{\"isVirtical\":true,\"label\":\"支払月_支払設定\",\"styleMap\":{\"width\":196},\"type\":\"SINGLE_SELECT\",\"var\":\"支払月_支払設定\"},{\"isVirtical\":true,\"label\":\"支払日_支払設定\",\"styleMap\":{\"width\":196},\"type\":\"SINGLE_SELECT\",\"var\":\"支払日_支払設定\"}],\"id\":null,\"isSubTable\":false,\"type\":\"ROW\",\"var\":null},{\"controlList\":[{\"isVirtical\":true,\"label\":\"振込元口座ID\",\"styleMap\":{\"width\":193},\"type\":\"DECIMAL\",\"var\":\"振込元口座ID\"},{\"isVirtical\":true,\"label\":\"振込元口座\",\"styleMap\":{\"width\":193},\"type\":\"SINGLE_LINE_TEXT\",\"var\":\"振込元口座\"}],\"id\":null,\"isSubTable\":false,\"type\":\"ROW\",\"var\":null},{\"controlList\":[{\"isVirtical\":true,\"label\":\"振込手数料負担\",\"styleMap\":{\"width\":196},\"type\":\"SINGLE_SELECT\",\"var\":\"振込手数料負担\"}],\"id\":null,\"isSubTable\":false,\"type\":\"ROW\",\"var\":null}],\"isVirtical\":true,\"label\":\"支払設定\",\"styleMap\":{},\"type\":\"GROUP\",\"var\":\"支払設定\"}],\"id\":null,\"isSubTable\":false,\"type\":\"ROW\",\"var\":null}]","revision":null},"iconMeta":{"internalName":null,"mime":"image/png","name":"master_icon.png"},"info":{"automaticallyChooseTitleComponent":"true","code":null,"decimalPrecision":"16","decimalScale":"4","description":"\u003Cdiv\u003E\u003Cbr /\u003E\u003C/div\u003E","enableBulkDeletion":"false","enableRecordReuse":"true","fiscalYearStartMonth":"4","iconKey":"436380","iconType":"BLOB","jsFiles":null,"jsScope":"ALL","name":"販売先マスター管理","roundingMode":"HALF_EVEN","theme":"PLAIN","titleComponentLocalId":null,"useComment":"true","useHistory":"true","useInlineEditAndDelete":"true","useThumbnail":"true"},"jsFiles":[{"jsFileMetas":[{"internalName":null,"locationType":"URL","mime":null,"name":null,"url":"https://storage.googleapis.com/freee-for-kintone-public-contents/kintoneapp/app/partners/freeepartners.js"}],"jsType":"DESKTOP"}],"notification":{"appNotifications":[{"events":["RECORD_COMMENT_ADDED"],"target":{"entityId":"8401695","entityType":"FIELD_ENTITY","includeSubs":"false"}},{"events":["RECORD_COMMENT_ADDED"],"target":{"entityId":"8401696","entityType":"FIELD_ENTITY","includeSubs":"false"}}],"recordNotifications":[],"reminderTimezone":null,"reminders":[],"useComment":"true","useReminder":"false"},"plugins":[],"reports":[],"resource":{"tables":[{"rows":[{"fields":[],"objectId":"0","subObjectId":"-1"}],"type":"AppName"},{"rows":[{"fields":[],"objectId":"0","subObjectId":"-1"}],"type":"AppDescription"},{"rows":[{"fields":[],"objectId":"8401694","subObjectId":"-1"},{"fields":[],"objectId":"8401695","subObjectId":"-1"},{"fields":[],"objectId":"8401696","subObjectId":"-1"},{"fields":[],"objectId":"8401697","subObjectId":"-1"},{"fields":[],"objectId":"8401698","subObjectId":"-1"},{"fields":[],"objectId":"8401699","subObjectId":"-1"},{"fields":[],"objectId":"8401700","subObjectId":"-1"},{"fields":[],"objectId":"8401701","subObjectId":"-1"},{"fields":[],"objectId":"8401703","subObjectId":"-1"},{"fields":[],"objectId":"8401728","subObjectId":"-1"},{"fields":[],"objectId":"8403993","subObjectId":"-1"},{"fields":[],"objectId":"8403993","subObjectId":"8403987"},{"fields":[],"objectId":"8403999","subObjectId":"-1"},{"fields":[],"objectId":"8403999","subObjectId":"8403989"},{"fields":[],"objectId":"8403999","subObjectId":"8403990"},{"fields":[],"objectId":"8403999","subObjectId":"8404004"},{"fields":[],"objectId":"8404000","subObjectId":"-1"},{"fields":[],"objectId":"8404001","subObjectId":"-1"},{"fields":[],"objectId":"8404003","subObjectId":"-1"},{"fields":[],"objectId":"8404003","subObjectId":"8403991"},{"fields":[],"objectId":"8404003","subObjectId":"8403992"},{"fields":[],"objectId":"8404003","subObjectId":"8404006"},{"fields":[],"objectId":"8404003","subObjectId":"8404007"},{"fields":[],"objectId":"8404003","subObjectId":"8404008"},{"fields":[],"objectId":"8404003","subObjectId":"8404009"},{"fields":[],"objectId":"8404003","subObjectId":"8404010"},{"fields":[],"objectId":"8404003","subObjectId":"8404011"},{"fields":[],"objectId":"8404003","subObjectId":"8404012"},{"fields":[],"objectId":"8404003","subObjectId":"8404013"},{"fields":[],"objectId":"8404003","subObjectId":"8404014"},{"fields":[],"objectId":"8404003","subObjectId":"8404015"},{"fields":[],"objectId":"8404003","subObjectId":"8404016"},{"fields":[],"objectId":"8404003","subObjectId":"8404017"},{"fields":[],"objectId":"8404003","subObjectId":"8404018"},{"fields":[],"objectId":"8404003","subObjectId":"8404019"},{"fields":[],"objectId":"8404003","subObjectId":"8404020"},{"fields":[],"objectId":"8404003","subObjectId":"8404021"},{"fields":[],"objectId":"8404003","subObjectId":"8404022"},{"fields":[],"objectId":"8404003","subObjectId":"8404023"},{"fields":[],"objectId":"8404003","subObjectId":"8404024"},{"fields":[],"objectId":"8404003","subObjectId":"8404025"},{"fields":[],"objectId":"8404003","subObjectId":"8404026"},{"fields":[],"objectId":"8404003","subObjectId":"8404027"},{"fields":[],"objectId":"8404003","subObjectId":"8404028"},{"fields":[],"objectId":"8404003","subObjectId":"8404029"},{"fields":[],"objectId":"8404003","subObjectId":"8404030"},{"fields":[],"objectId":"8404003","subObjectId":"8404031"},{"fields":[],"objectId":"8404003","subObjectId":"8404032"},{"fields":[],"objectId":"8404003","subObjectId":"8404033"},{"fields":[],"objectId":"8404003","subObjectId":"8404034"},{"fields":[],"objectId":"8404003","subObjectId":"8404035"},{"fields":[],"objectId":"8404003","subObjectId":"8404036"},{"fields":[],"objectId":"8404003","subObjectId":"8404037"},{"fields":[],"objectId":"8404003","subObjectId":"8404038"},{"fields":[],"objectId":"8404003","subObjectId":"8404039"},{"fields":[],"objectId":"8404003","subObjectId":"8404040"},{"fields":[],"objectId":"8404003","subObjectId":"8404041"},{"fields":[],"objectId":"8404003","subObjectId":"8404042"},{"fields":[],"objectId":"8404003","subObjectId":"8404043"},{"fields":[],"objectId":"8404003","subObjectId":"8404044"},{"fields":[],"objectId":"8404003","subObjectId":"8404045"},{"fields":[],"objectId":"8404003","subObjectId":"8404046"},{"fields":[],"objectId":"8404003","subObjectId":"8404047"},{"fields":[],"objectId":"8404003","subObjectId":"8404048"},{"fields":[],"objectId":"8404003","subObjectId":"8404049"},{"fields":[],"objectId":"8404003","subObjectId":"8404050"},{"fields":[],"objectId":"8404005","subObjectId":"-1"},{"fields":[],"objectId":"8404051","subObjectId":"-1"},{"fields":[],"objectId":"8404052","subObjectId":"-1"},{"fields":[],"objectId":"8404053","subObjectId":"-1"},{"fields":[],"objectId":"8404054","subObjectId":"-1"},{"fields":[],"objectId":"8404055","subObjectId":"-1"},{"fields":[],"objectId":"8404056","subObjectId":"-1"},{"fields":[],"objectId":"8404061","subObjectId":"-1"},{"fields":[],"objectId":"8404061","subObjectId":"8404059"},{"fields":[],"objectId":"8404062","subObjectId":"-1"},{"fields":[],"objectId":"8404064","subObjectId":"-1"},{"fields":[],"objectId":"8404065","subObjectId":"-1"},{"fields":[],"objectId":"8404067","subObjectId":"-1"},{"fields":[],"objectId":"8404068","subObjectId":"-1"},{"fields":[],"objectId":"8404069","subObjectId":"-1"},{"fields":[],"objectId":"8404070","subObjectId":"-1"},{"fields":[],"objectId":"8404149","subObjectId":"-1"},{"fields":[],"objectId":"8404149","subObjectId":"8404071"},{"fields":[],"objectId":"8404149","subObjectId":"8404072"},{"fields":[],"objectId":"8404149","subObjectId":"8404073"},{"fields":[],"objectId":"8404149","subObjectId":"8404074"},{"fields":[],"objectId":"8404149","subObjectId":"8404075"},{"fields":[],"objectId":"8404151","subObjectId":"-1"},{"fields":[],"objectId":"8404151","subObjectId":"8404080"},{"fields":[],"objectId":"8404151","subObjectId":"8404081"},{"fields":[],"objectId":"8404151","subObjectId":"8404082"},{"fields":[],"objectId":"8404151","subObjectId":"8404093"},{"fields":[],"objectId":"8404151","subObjectId":"8404092"},{"fields":[],"objectId":"8404151","subObjectId":"8404091"},{"fields":[],"objectId":"8404151","subObjectId":"8404090"},{"fields":[],"objectId":"8404151","subObjectId":"8404089"},{"fields":[],"objectId":"8404151","subObjectId":"8404088"},{"fields":[],"objectId":"8404151","subObjectId":"8404087"},{"fields":[],"objectId":"8404151","subObjectId":"8404086"},{"fields":[],"objectId":"8404151","subObjectId":"8404085"},{"fields":[],"objectId":"8404151","subObjectId":"8404084"},{"fields":[],"objectId":"8404151","subObjectId":"8404083"},{"fields":[],"objectId":"8404151","subObjectId":"8404108"},{"fields":[],"objectId":"8404151","subObjectId":"8404107"},{"fields":[],"objectId":"8404151","subObjectId":"8404106"},{"fields":[],"objectId":"8404151","subObjectId":"8404105"},{"fields":[],"objectId":"8404151","subObjectId":"8404104"},{"fields":[],"objectId":"8404151","subObjectId":"8404103"},{"fields":[],"objectId":"8404151","subObjectId":"8404102"},{"fields":[],"objectId":"8404151","subObjectId":"8404101"},{"fields":[],"objectId":"8404151","subObjectId":"8404100"},{"fields":[],"objectId":"8404151","subObjectId":"8404099"},{"fields":[],"objectId":"8404151","subObjectId":"8404098"},{"fields":[],"objectId":"8404151","subObjectId":"8404097"},{"fields":[],"objectId":"8404151","subObjectId":"8404096"},{"fields":[],"objectId":"8404151","subObjectId":"8404095"},{"fields":[],"objectId":"8404151","subObjectId":"8404094"},{"fields":[],"objectId":"8404152","subObjectId":"-1"},{"fields":[],"objectId":"8404152","subObjectId":"8404113"},{"fields":[],"objectId":"8404152","subObjectId":"8404114"},{"fields":[],"objectId":"8404152","subObjectId":"8404115"},{"fields":[],"objectId":"8404152","subObjectId":"8404116"},{"fields":[],"objectId":"8404152","subObjectId":"8404117"},{"fields":[],"objectId":"8404152","subObjectId":"8404118"},{"fields":[],"objectId":"8404152","subObjectId":"8404119"},{"fields":[],"objectId":"8404153","subObjectId":"-1"},{"fields":[],"objectId":"8404153","subObjectId":"8404120"},{"fields":[],"objectId":"8404153","subObjectId":"8404121"},{"fields":[],"objectId":"8404153","subObjectId":"8404122"},{"fields":[],"objectId":"8404153","subObjectId":"8404123"},{"fields":[],"objectId":"8404153","subObjectId":"8404124"},{"fields":[],"objectId":"8404153","subObjectId":"8404125"},{"fields":[],"objectId":"8404153","subObjectId":"8404126"},{"fields":[],"objectId":"8404153","subObjectId":"8404127"},{"fields":[],"objectId":"8404153","subObjectId":"8404128"},{"fields":[],"objectId":"8404153","subObjectId":"8404129"},{"fields":[],"objectId":"8404153","subObjectId":"8404130"},{"fields":[],"objectId":"8404153","subObjectId":"8404131"},{"fields":[],"objectId":"8404153","subObjectId":"8404132"},{"fields":[],"objectId":"8404153","subObjectId":"8404133"},{"fields":[],"objectId":"8404153","subObjectId":"8404134"},{"fields":[],"objectId":"8404153","subObjectId":"8404135"},{"fields":[],"objectId":"8404153","subObjectId":"8404136"},{"fields":[],"objectId":"8404153","subObjectId":"8404137"},{"fields":[],"objectId":"8404153","subObjectId":"8404138"},{"fields":[],"objectId":"8404153","subObjectId":"8404139"},{"fields":[],"objectId":"8404153","subObjectId":"8404140"},{"fields":[],"objectId":"8404153","subObjectId":"8404141"},{"fields":[],"objectId":"8404153","subObjectId":"8404142"},{"fields":[],"objectId":"8404153","subObjectId":"8404143"},{"fields":[],"objectId":"8404153","subObjectId":"8404144"},{"fields":[],"objectId":"8404153","subObjectId":"8404145"},{"fields":[],"objectId":"8404153","subObjectId":"8404146"},{"fields":[],"objectId":"8404153","subObjectId":"8404147"},{"fields":[],"objectId":"8404153","subObjectId":"8404148"},{"fields":[],"objectId":"8404154","subObjectId":"-1"},{"fields":[],"objectId":"8404155","subObjectId":"-1"},{"fields":[],"objectId":"8404247","subObjectId":"-1"},{"fields":[],"objectId":"8404247","subObjectId":"8404160"},{"fields":[],"objectId":"8404247","subObjectId":"8404161"},{"fields":[],"objectId":"8404249","subObjectId":"-1"},{"fields":[],"objectId":"8404249","subObjectId":"8404170"},{"fields":[],"objectId":"8404249","subObjectId":"8404171"},{"fields":[],"objectId":"8404249","subObjectId":"8404172"},{"fields":[],"objectId":"8404249","subObjectId":"8404173"},{"fields":[],"objectId":"8404249","subObjectId":"8404174"},{"fields":[],"objectId":"8404249","subObjectId":"8404175"},{"fields":[],"objectId":"8404249","subObjectId":"8404176"},{"fields":[],"objectId":"8404249","subObjectId":"8404177"},{"fields":[],"objectId":"8404249","subObjectId":"8404178"},{"fields":[],"objectId":"8404249","subObjectId":"8404179"},{"fields":[],"objectId":"8404249","subObjectId":"8404180"},{"fields":[],"objectId":"8404249","subObjectId":"8404181"},{"fields":[],"objectId":"8404249","subObjectId":"8404182"},{"fields":[],"objectId":"8404249","subObjectId":"8404183"},{"fields":[],"objectId":"8404249","subObjectId":"8404184"},{"fields":[],"objectId":"8404249","subObjectId":"8404185"},{"fields":[],"objectId":"8404249","subObjectId":"8404186"},{"fields":[],"objectId":"8404249","subObjectId":"8404187"},{"fields":[],"objectId":"8404249","subObjectId":"8404188"},{"fields":[],"objectId":"8404249","subObjectId":"8404189"},{"fields":[],"objectId":"8404249","subObjectId":"8404190"},{"fields":[],"objectId":"8404249","subObjectId":"8404191"},{"fields":[],"objectId":"8404249","subObjectId":"8404192"},{"fields":[],"objectId":"8404249","subObjectId":"8404193"},{"fields":[],"objectId":"8404249","subObjectId":"8404194"},{"fields":[],"objectId":"8404249","subObjectId":"8404195"},{"fields":[],"objectId":"8404249","subObjectId":"8404196"},{"fields":[],"objectId":"8404249","subObjectId":"8404197"},{"fields":[],"objectId":"8404249","subObjectId":"8404198"},{"fields":[],"objectId":"8404250","subObjectId":"-1"},{"fields":[],"objectId":"8404250","subObjectId":"8404203"},{"fields":[],"objectId":"8404250","subObjectId":"8404204"},{"fields":[],"objectId":"8404250","subObjectId":"8404205"},{"fields":[],"objectId":"8404250","subObjectId":"8404206"},{"fields":[],"objectId":"8404250","subObjectId":"8404207"},{"fields":[],"objectId":"8404250","subObjectId":"8404208"},{"fields":[],"objectId":"8404250","subObjectId":"8404209"},{"fields":[],"objectId":"8404251","subObjectId":"-1"},{"fields":[],"objectId":"8404251","subObjectId":"8404210"},{"fields":[],"objectId":"8404251","subObjectId":"8404211"},{"fields":[],"objectId":"8404251","subObjectId":"8404212"},{"fields":[],"objectId":"8404251","subObjectId":"8404213"},{"fields":[],"objectId":"8404251","subObjectId":"8404214"},{"fields":[],"objectId":"8404251","subObjectId":"8404215"},{"fields":[],"objectId":"8404251","subObjectId":"8404216"},{"fields":[],"objectId":"8404251","subObjectId":"8404217"},{"fields":[],"objectId":"8404251","subObjectId":"8404218"},{"fields":[],"objectId":"8404251","subObjectId":"8404219"},{"fields":[],"objectId":"8404251","subObjectId":"8404220"},{"fields":[],"objectId":"8404251","subObjectId":"8404221"},{"fields":[],"objectId":"8404251","subObjectId":"8404222"},{"fields":[],"objectId":"8404251","subObjectId":"8404223"},{"fields":[],"objectId":"8404251","subObjectId":"8404224"},{"fields":[],"objectId":"8404251","subObjectId":"8404225"},{"fields":[],"objectId":"8404251","subObjectId":"8404226"},{"fields":[],"objectId":"8404251","subObjectId":"8404227"},{"fields":[],"objectId":"8404251","subObjectId":"8404228"},{"fields":[],"objectId":"8404251","subObjectId":"8404229"},{"fields":[],"objectId":"8404251","subObjectId":"8404230"},{"fields":[],"objectId":"8404251","subObjectId":"8404231"},{"fields":[],"objectId":"8404251","subObjectId":"8404232"},{"fields":[],"objectId":"8404251","subObjectId":"8404233"},{"fields":[],"objectId":"8404251","subObjectId":"8404234"},{"fields":[],"objectId":"8404251","subObjectId":"8404235"},{"fields":[],"objectId":"8404251","subObjectId":"8404236"},{"fields":[],"objectId":"8404251","subObjectId":"8404237"},{"fields":[],"objectId":"8404251","subObjectId":"8404238"},{"fields":[],"objectId":"8404252","subObjectId":"-1"},{"fields":[],"objectId":"8404252","subObjectId":"8404243"},{"fields":[],"objectId":"8404252","subObjectId":"8404244"},{"fields":[],"objectId":"8404252","subObjectId":"8404245"},{"fields":[],"objectId":"8404252","subObjectId":"8404246"},{"fields":[],"objectId":"8404259","subObjectId":"-1"},{"fields":[],"objectId":"8404260","subObjectId":"-1"},{"fields":[],"objectId":"8404261","subObjectId":"-1"},{"fields":[],"objectId":"8404267","subObjectId":"-1"},{"fields":[],"objectId":"8404276","subObjectId":"-1"}],"type":"FieldLabel"},{"rows":[{"fields":[],"objectId":"8404262","subObjectId":"-1"},{"fields":[],"objectId":"20","subObjectId":"-1"}],"type":"ViewName"},{"rows":[],"type":"CategoryName"}]},"schema":{"groups":[{"childLocalId":"8404064","vtComponentLocalId":"8404063"},{"childLocalId":"8404065","vtComponentLocalId":"8404063"},{"childLocalId":"8404067","vtComponentLocalId":"8404063"},{"childLocalId":"8404068","vtComponentLocalId":"8404063"},{"childLocalId":"8404069","vtComponentLocalId":"8404063"},{"childLocalId":"8404070","vtComponentLocalId":"8404063"},{"childLocalId":"8404149","vtComponentLocalId":"8404063"},{"childLocalId":"8404259","vtComponentLocalId":"8404063"},{"childLocalId":"8404260","vtComponentLocalId":"8404063"},{"childLocalId":"8404261","vtComponentLocalId":"8404063"},{"childLocalId":"8404151","vtComponentLocalId":"8404150"},{"childLocalId":"8404152","vtComponentLocalId":"8404150"},{"childLocalId":"8404153","vtComponentLocalId":"8404150"},{"childLocalId":"8404154","vtComponentLocalId":"8404150"},{"childLocalId":"8404155","vtComponentLocalId":"8404150"},{"childLocalId":"8404247","vtComponentLocalId":"8404150"},{"childLocalId":"8404249","vtComponentLocalId":"8404248"},{"childLocalId":"8404250","vtComponentLocalId":"8404248"},{"childLocalId":"8404251","vtComponentLocalId":"8404248"},{"childLocalId":"8404252","vtComponentLocalId":"8404248"}],"revision":null,"subTable":{},"table":{"fieldList":{"8401694":{"id":"8401694","label":"Record number","properties":{"noLabel":"false","required":"true"},"type":"RECORD_ID","var":"Record_number"},"8401695":{"id":"8401695","label":"Updated by","properties":{"noLabel":"false","required":"true"},"type":"MODIFIER","var":"Updated_by"},"8401696":{"id":"8401696","label":"Created by","properties":{"noLabel":"false","required":"true"},"type":"CREATOR","var":"Created_by"},"8401697":{"id":"8401697","label":"Updated datetime","properties":{"noLabel":"false","required":"true"},"type":"MODIFIED_AT","var":"Updated_datetime"},"8401698":{"id":"8401698","label":"Created datetime","properties":{"noLabel":"false","required":"true"},"type":"CREATED_AT","var":"Created_datetime"},"8401699":{"id":"8401699","label":"Status","properties":{"noLabel":"false","required":"false"},"type":"STATUS","var":"Status"},"8401700":{"id":"8401700","label":"Assignee","properties":{"noLabel":"false","required":"false"},"type":"STATUS_ASSIGNEE","var":"Assignee"},"8401701":{"id":"8401701","label":"Categories","properties":{"noLabel":"false","required":"false"},"type":"CATEGORY","var":"Categories"},"8401703":{"id":"8401703","label":"正式名称","properties":{"defaultValue":"","expression":"","hideExpression":"false","max":null,"min":null,"noLabel":"false","required":"true","unique":"false"},"type":"SINGLE_LINE_TEXT","var":"正式名称"},"8401728":{"id":"8401728","label":"よみ","properties":{"defaultValue":"","expression":"","hideExpression":"false","max":null,"min":null,"noLabel":"false","required":"false","unique":"false"},"type":"SINGLE_LINE_TEXT","var":"よみ"},"8403993":{"id":"8403993","label":"freee連携対象","properties":{"defaultValue":[],"noLabel":"false","options":[{"id":"8403987","label":"連携","valid":true}],"required":"false"},"type":"MULTIPLE_CHECK","var":"freee連携対象"},"8403999":{"id":"8403999","label":"敬称","properties":{"defaultValue":null,"noLabel":"false","options":[{"id":"8403989","label":"御中","valid":true},{"id":"8403990","label":"様","valid":true},{"id":"8404004","label":"(空白)","valid":true}],"required":"false"},"type":"SINGLE_SELECT","var":"敬称"},"8404000":{"id":"8404000","label":"電話番号","properties":{"defaultValue":"","expression":"","hideExpression":"false","max":null,"min":null,"noLabel":"false","required":"false","unique":"false"},"type":"SINGLE_LINE_TEXT","var":"電話番号"},"8404001":{"id":"8404001","label":"郵便番号","properties":{"defaultValue":"","expression":"","hideExpression":"false","max":null,"min":null,"noLabel":"false","required":"false","unique":"false"},"type":"SINGLE_LINE_TEXT","var":"郵便番号"},"8404003":{"id":"8404003","label":"都道府県","properties":{"defaultValue":null,"noLabel":"false","options":[{"id":"8403991","label":"北海道","valid":true},{"id":"8403992","label":"青森県","valid":true},{"id":"8404006","label":"岩手県","valid":true},{"id":"8404007","label":"宮城県","valid":true},{"id":"8404008","label":"秋田県","valid":true},{"id":"8404009","label":"山形県","valid":true},{"id":"8404010","label":"福島県","valid":true},{"id":"8404011","label":"茨城県","valid":true},{"id":"8404012","label":"栃木県","valid":true},{"id":"8404013","label":"群馬県","valid":true},{"id":"8404014","label":"埼玉県","valid":true},{"id":"8404015","label":"千葉県","valid":true},{"id":"8404016","label":"東京都","valid":true},{"id":"8404017","label":"神奈川県","valid":true},{"id":"8404018","label":"新潟県","valid":true},{"id":"8404019","label":"富山県","valid":true},{"id":"8404020","label":"石川県","valid":true},{"id":"8404021","label":"福井県","valid":true},{"id":"8404022","label":"山梨県","valid":true},{"id":"8404023","label":"長野県","valid":true},{"id":"8404024","label":"岐阜県","valid":true},{"id":"8404025","label":"静岡県","valid":true},{"id":"8404026","label":"愛知県","valid":true},{"id":"8404027","label":"三重県","valid":true},{"id":"8404028","label":"滋賀県","valid":true},{"id":"8404029","label":"京都府","valid":true},{"id":"8404030","label":"大阪府","valid":true},{"id":"8404031","label":"兵庫県","valid":true},{"id":"8404032","label":"奈良県","valid":true},{"id":"8404033","label":"和歌山県","valid":true},{"id":"8404034","label":"鳥取県","valid":true},{"id":"8404035","label":"島根県","valid":true},{"id":"8404036","label":"岡山県","valid":true},{"id":"8404037","label":"広島県","valid":true},{"id":"8404038","label":"山口県","valid":true},{"id":"8404039","label":"徳島県","valid":true},{"id":"8404040","label":"香川県","valid":true},{"id":"8404041","label":"愛媛県","valid":true},{"id":"8404042","label":"高知県","valid":true},{"id":"8404043","label":"福岡県","valid":true},{"id":"8404044","label":"佐賀県","valid":true},{"id":"8404045","label":"長崎県","valid":true},{"id":"8404046","label":"熊本県","valid":true},{"id":"8404047","label":"大分県","valid":true},{"id":"8404048","label":"宮崎県","valid":true},{"id":"8404049","label":"鹿児島県","valid":true},{"id":"8404050","label":"沖縄県","valid":true}],"required":"false"},"type":"SINGLE_SELECT","var":"都道府県"},"8404005":{"id":"8404005","label":"都道府県コード","properties":{"defaultValue":null,"digit":"false","displayScale":null,"max":null,"min":null,"noLabel":"false","required":"false","roundingMode":null,"scale":null,"unique":"false","unit":"","unitPosition":"BEFORE"},"type":"DECIMAL","var":"都道府県コード"},"8404051":{"id":"8404051","label":"市区町村・番地","properties":{"defaultValue":"","expression":"","hideExpression":"false","max":null,"min":null,"noLabel":"false","required":"false","unique":"false"},"type":"SINGLE_LINE_TEXT","var":"市区町村・番地"},"8404052":{"id":"8404052","label":"建物名・部屋番号","properties":{"defaultValue":"","expression":"","hideExpression":"false","max":null,"min":null,"noLabel":"false","required":"false","unique":"false"},"type":"SINGLE_LINE_TEXT","var":"建物名・部屋番号"},"8404053":{"id":"8404053","label":"ショートカット1","properties":{"defaultValue":"","expression":"","hideExpression":"false","max":null,"min":null,"noLabel":"false","required":"false","unique":"false"},"type":"SINGLE_LINE_TEXT","var":"ショートカット1"},"8404054":{"id":"8404054","label":"ショートカット2","properties":{"defaultValue":"","expression":"","hideExpression":"false","max":null,"min":null,"noLabel":"false","required":"false","unique":"false"},"type":"SINGLE_LINE_TEXT","var":"ショートカット2"},"8404055":{"id":"8404055","label":"担当者_氏名","properties":{"defaultValue":"","expression":"","hideExpression":"false","max":null,"min":null,"noLabel":"false","required":"false","unique":"false"},"type":"SINGLE_LINE_TEXT","var":"担当者_氏名"},"8404056":{"id":"8404056","label":"担当者_メールアドレス","properties":{"defaultValue":"","expression":"","hideExpression":"false","max":null,"min":null,"noLabel":"false","required":"false","unique":"false"},"type":"SINGLE_LINE_TEXT","var":"担当者_メールアドレス"},"8404061":{"id":"8404061","label":"インボイス制度適格請求書発行事業者","properties":{"defaultValue":[],"noLabel":"false","options":[{"id":"8404059","label":"該当する","valid":true}],"required":"false"},"type":"MULTIPLE_CHECK","var":"インボイス制度適格請求書発行事業者"},"8404062":{"id":"8404062","label":"インボイス制度適格請求書発行事業者登録番号","properties":{"defaultValue":"","expression":"","hideExpression":"false","max":null,"min":null,"noLabel":"false","required":"false","unique":"false"},"type":"SINGLE_LINE_TEXT","var":"インボイス制度適格請求書発行事業者登録番号"},"8404063":{"id":"8404063","label":"口座情報","properties":{"noLabel":"false","open":"false","required":"false"},"type":"GROUP","var":"口座情報"},"8404064":{"id":"8404064","label":"銀行名","properties":{"defaultValue":"","expression":"","hideExpression":"false","max":null,"min":null,"noLabel":"false","required":"false","unique":"false"},"type":"SINGLE_LINE_TEXT","var":"銀行名"},"8404065":{"id":"8404065","label":"銀行名（カナ）","properties":{"defaultValue":"","expression":"","hideExpression":"false","max":null,"min":null,"noLabel":"false","required":"false","unique":"false"},"type":"SINGLE_LINE_TEXT","var":"銀行名_カナ"},"8404067":{"id":"8404067","label":"支店名","properties":{"defaultValue":"","expression":"","hideExpression":"false","max":null,"min":null,"noLabel":"false","required":"false","unique":"false"},"type":"SINGLE_LINE_TEXT","var":"支店名"},"8404068":{"id":"8404068","label":"銀行番号","properties":{"defaultValue":"","expression":"","hideExpression":"false","max":null,"min":null,"noLabel":"false","required":"false","unique":"false"},"type":"SINGLE_LINE_TEXT","var":"銀行番号"},"8404069":{"id":"8404069","label":"支店名（カナ）","properties":{"defaultValue":"","expression":"","hideExpression":"false","max":null,"min":null,"noLabel":"false","required":"false","unique":"false"},"type":"SINGLE_LINE_TEXT","var":"支店名_カナ"},"8404070":{"id":"8404070","label":"支店番号","properties":{"defaultValue":"","expression":"","hideExpression":"false","max":null,"min":null,"noLabel":"false","required":"false","unique":"false"},"type":"SINGLE_LINE_TEXT","var":"支店番号"},"8404149":{"id":"8404149","label":"口座種別","properties":{"defaultValue":null,"noLabel":"false","options":[{"id":"8404071","label":"普通","valid":true},{"id":"8404072","label":"当座","valid":true},{"id":"8404073","label":"納税準備預金","valid":true},{"id":"8404074","label":"貯蓄","valid":true},{"id":"8404075","label":"その他","valid":true}],"required":"false"},"type":"SINGLE_SELECT","var":"口座種別"},"8404150":{"id":"8404150","label":"支払設定","properties":{"noLabel":"false","open":"false","required":"false"},"type":"GROUP","var":"支払設定"},"8404151":{"id":"8404151","label":"締め日_支払設定","properties":{"defaultValue":null,"noLabel":"false","options":[{"id":"8404080","label":"1日","valid":true},{"id":"8404081","label":"2日","valid":true},{"id":"8404082","label":"3日","valid":true},{"id":"8404093","label":"4日","valid":true},{"id":"8404092","label":"5日","valid":true},{"id":"8404091","label":"6日","valid":true},{"id":"8404090","label":"7日","valid":true},{"id":"8404089","label":"8日","valid":true},{"id":"8404088","label":"9日","valid":true},{"id":"8404087","label":"10日","valid":true},{"id":"8404086","label":"11日","valid":true},{"id":"8404085","label":"12日","valid":true},{"id":"8404084","label":"13日","valid":true},{"id":"8404083","label":"14日","valid":true},{"id":"8404108","label":"15日","valid":true},{"id":"8404107","label":"16日","valid":true},{"id":"8404106","label":"17日","valid":true},{"id":"8404105","label":"18日","valid":true},{"id":"8404104","label":"19日","valid":true},{"id":"8404103","label":"20日","valid":true},{"id":"8404102","label":"21日","valid":true},{"id":"8404101","label":"22日","valid":true},{"id":"8404100","label":"23日","valid":true},{"id":"8404099","label":"24日","valid":true},{"id":"8404098","label":"25日","valid":true},{"id":"8404097","label":"26日","valid":true},{"id":"8404096","label":"27日","valid":true},{"id":"8404095","label":"28日","valid":true},{"id":"8404094","label":"末日","valid":true}],"required":"false"},"type":"SINGLE_SELECT","var":"締め日_支払設定"},"8404152":{"id":"8404152","label":"支払月_支払設定","properties":{"defaultValue":null,"noLabel":"false","options":[{"id":"8404113","label":"当月","valid":true},{"id":"8404114","label":"翌月（1ヶ月後）","valid":true},{"id":"8404115","label":"翌々月（2ヶ月後）","valid":true},{"id":"8404116","label":"3ヶ月後","valid":true},{"id":"8404117","label":"4ヶ月後","valid":true},{"id":"8404118","label":"5ヶ月後","valid":true},{"id":"8404119","label":"6ヶ月後","valid":true}],"required":"false"},"type":"SINGLE_SELECT","var":"支払月_支払設定"},"8404153":{"id":"8404153","label":"支払日_支払設定","properties":{"defaultValue":null,"noLabel":"false","options":[{"id":"8404120","label":"1日","valid":true},{"id":"8404121","label":"2日","valid":true},{"id":"8404122","label":"3日","valid":true},{"id":"8404123","label":"4日","valid":true},{"id":"8404124","label":"5日","valid":true},{"id":"8404125","label":"6日","valid":true},{"id":"8404126","label":"7日","valid":true},{"id":"8404127","label":"8日","valid":true},{"id":"8404128","label":"9日","valid":true},{"id":"8404129","label":"10日","valid":true},{"id":"8404130","label":"11日","valid":true},{"id":"8404131","label":"12日","valid":true},{"id":"8404132","label":"13日","valid":true},{"id":"8404133","label":"14日","valid":true},{"id":"8404134","label":"15日","valid":true},{"id":"8404135","label":"16日","valid":true},{"id":"8404136","label":"17日","valid":true},{"id":"8404137","label":"18日","valid":true},{"id":"8404138","label":"19日","valid":true},{"id":"8404139","label":"20日","valid":true},{"id":"8404140","label":"21日","valid":true},{"id":"8404141","label":"22日","valid":true},{"id":"8404142","label":"23日","valid":true},{"id":"8404143","label":"24日","valid":true},{"id":"8404144","label":"25日","valid":true},{"id":"8404145","label":"26日","valid":true},{"id":"8404146","label":"27日","valid":true},{"id":"8404147","label":"28日","valid":true},{"id":"8404148","label":"末日","valid":true}],"required":"false"},"type":"SINGLE_SELECT","var":"支払日_支払設定"},"8404154":{"id":"8404154","label":"振込元口座ID","properties":{"defaultValue":null,"digit":"false","displayScale":null,"max":null,"min":null,"noLabel":"false","required":"false","roundingMode":null,"scale":null,"unique":"false","unit":"","unitPosition":"BEFORE"},"type":"DECIMAL","var":"振込元口座ID"},"8404155":{"id":"8404155","label":"振込元口座","properties":{"defaultValue":"","expression":"","hideExpression":"false","max":null,"min":null,"noLabel":"false","required":"false","unique":"false"},"type":"SINGLE_LINE_TEXT","var":"振込元口座"},"8404247":{"id":"8404247","label":"振込手数料負担","properties":{"defaultValue":null,"noLabel":"false","options":[{"id":"8404160","label":"当方負担","valid":true},{"id":"8404161","label":"先方負担","valid":true}],"required":"false"},"type":"SINGLE_SELECT","var":"振込手数料負担"},"8404248":{"id":"8404248","label":"請求設定","properties":{"noLabel":"false","open":"false","required":"false"},"type":"GROUP","var":"請求設定"},"8404249":{"id":"8404249","label":"締め日_請求設定","properties":{"defaultValue":null,"noLabel":"false","options":[{"id":"8404170","label":"1日","valid":true},{"id":"8404171","label":"2日","valid":true},{"id":"8404172","label":"3日","valid":true},{"id":"8404173","label":"4日","valid":true},{"id":"8404174","label":"5日","valid":true},{"id":"8404175","label":"6日","valid":true},{"id":"8404176","label":"7日","valid":true},{"id":"8404177","label":"8日","valid":true},{"id":"8404178","label":"9日","valid":true},{"id":"8404179","label":"10日","valid":true},{"id":"8404180","label":"11日","valid":true},{"id":"8404181","label":"12日","valid":true},{"id":"8404182","label":"13日","valid":true},{"id":"8404183","label":"14日","valid":true},{"id":"8404184","label":"15日","valid":true},{"id":"8404185","label":"16日","valid":true},{"id":"8404186","label":"17日","valid":true},{"id":"8404187","label":"18日","valid":true},{"id":"8404188","label":"19日","valid":true},{"id":"8404189","label":"20日","valid":true},{"id":"8404190","label":"21日","valid":true},{"id":"8404191","label":"22日","valid":true},{"id":"8404192","label":"23日","valid":true},{"id":"8404193","label":"24日","valid":true},{"id":"8404194","label":"25日","valid":true},{"id":"8404195","label":"26日","valid":true},{"id":"8404196","label":"27日","valid":true},{"id":"8404197","label":"28日","valid":true},{"id":"8404198","label":"末日","valid":true}],"required":"false"},"type":"SINGLE_SELECT","var":"締め日_請求設定"},"8404250":{"id":"8404250","label":"入金月_請求設定","properties":{"defaultValue":null,"noLabel":"false","options":[{"id":"8404203","label":"当月","valid":true},{"id":"8404204","label":"翌月（1ヶ月後）","valid":true},{"id":"8404205","label":"翌々月（2ヶ月後）","valid":true},{"id":"8404206","label":"3ヶ月後","valid":true},{"id":"8404207","label":"4ヶ月後","valid":true},{"id":"8404208","label":"5ヶ月後","valid":true},{"id":"8404209","label":"6ヶ月後","valid":true}],"required":"false"},"type":"SINGLE_SELECT","var":"入金月_請求設定"},"8404251":{"id":"8404251","label":"入金日_請求設定","properties":{"defaultValue":null,"noLabel":"false","options":[{"id":"8404210","label":"1日","valid":true},{"id":"8404211","label":"2日","valid":true},{"id":"8404212","label":"3日","valid":true},{"id":"8404213","label":"4日","valid":true},{"id":"8404214","label":"5日","valid":true},{"id":"8404215","label":"6日","valid":true},{"id":"8404216","label":"7日","valid":true},{"id":"8404217","label":"8日","valid":true},{"id":"8404218","label":"9日","valid":true},{"id":"8404219","label":"10日","valid":true},{"id":"8404220","label":"11日","valid":true},{"id":"8404221","label":"12日","valid":true},{"id":"8404222","label":"13日","valid":true},{"id":"8404223","label":"14日","valid":true},{"id":"8404224","label":"15日","valid":true},{"id":"8404225","label":"16日","valid":true},{"id":"8404226","label":"17日","valid":true},{"id":"8404227","label":"18日","valid":true},{"id":"8404228","label":"19日","valid":true},{"id":"8404229","label":"20日","valid":true},{"id":"8404230","label":"21日","valid":true},{"id":"8404231","label":"22日","valid":true},{"id":"8404232","label":"23日","valid":true},{"id":"8404233","label":"24日","valid":true},{"id":"8404234","label":"25日","valid":true},{"id":"8404235","label":"26日","valid":true},{"id":"8404236","label":"27日","valid":true},{"id":"8404237","label":"28日","valid":true},{"id":"8404238","label":"末日","valid":true}],"required":"false"},"type":"SINGLE_SELECT","var":"入金日_請求設定"},"8404252":{"id":"8404252","label":"請求書送付方法","properties":{"defaultValue":null,"noLabel":"false","options":[{"id":"8404243","label":"設定しない","valid":true},{"id":"8404244","label":"メール","valid":true},{"id":"8404245","label":"郵送","valid":true},{"id":"8404246","label":"メールと郵送","valid":true}],"required":"false"},"type":"SINGLE_SELECT","var":"請求書送付方法"},"8404259":{"id":"8404259","label":"口座番号","properties":{"defaultValue":"","expression":"","hideExpression":"false","max":null,"min":null,"noLabel":"false","required":"false","unique":"false"},"type":"SINGLE_LINE_TEXT","var":"口座番号"},"8404260":{"id":"8404260","label":"受取人名","properties":{"defaultValue":"","expression":"","hideExpression":"false","max":null,"min":null,"noLabel":"false","required":"false","unique":"false"},"type":"SINGLE_LINE_TEXT","var":"受取人名"},"8404261":{"id":"8404261","label":"受取人名（カナ）","properties":{"defaultValue":"","expression":"","hideExpression":"false","max":null,"min":null,"noLabel":"false","required":"false","unique":"false"},"type":"SINGLE_LINE_TEXT","var":"受取人名_カナ"},"8404267":{"id":"8404267","label":"取引先コード","properties":{"defaultValue":"","expression":"","hideExpression":"false","max":null,"min":null,"noLabel":"false","required":"false","unique":"false"},"type":"SINGLE_LINE_TEXT","var":"取引先コード"},"8404276":{"id":"8404276","label":"コード","properties":{"defaultValue":null,"digit":"false","displayScale":null,"max":null,"min":null,"noLabel":"false","required":"false","roundingMode":null,"scale":null,"unique":"false","unit":"","unitPosition":"BEFORE"},"type":"DECIMAL","var":"コード"}},"id":"1","label":"__ROOT__","properties":null,"var":"__ROOT__"}},"settingsNotesForm":{"content":null,"willBeInherited":null},"status":{"actions":[],"filters":[],"initialStateId":null,"states":[],"useStatus":"false"},"uuid":"ed4b0310-f2ad-40b2-ab25-102c2a83ef73","views":[{"advancedMode":"false","builtinType":null,"device":null,"fields":[{"row":[{"columnWidth":null,"id":"8401703"},{"columnWidth":null,"id":"8401728"}]}],"filter":{"category":null,"offset":null,"order":["DESC"],"q":null,"size":null,"sort":["f8401694"]},"html":null,"keyFieldId":null,"name":"Customize View","pager":null,"revision":null,"titleFieldId":null,"view":"8404262","viewType":"LIST"},{"advancedMode":null,"builtinType":"ALL","device":null,"fields":[{"row":[{"columnWidth":null,"id":"8401694"},{"columnWidth":null,"id":"8401703"},{"columnWidth":null,"id":"8401728"},{"columnWidth":null,"id":"8403993"},{"columnWidth":null,"id":"8403999"},{"columnWidth":null,"id":"8404000"},{"columnWidth":null,"id":"8404001"},{"columnWidth":null,"id":"8404003"},{"columnWidth":null,"id":"8404005"},{"columnWidth":null,"id":"8404051"},{"columnWidth":null,"id":"8404052"},{"columnWidth":null,"id":"8404053"},{"columnWidth":null,"id":"8404054"},{"columnWidth":null,"id":"8404055"},{"columnWidth":null,"id":"8404056"},{"columnWidth":null,"id":"8404061"},{"columnWidth":null,"id":"8404062"},{"columnWidth":null,"id":"8404064"},{"columnWidth":null,"id":"8404065"},{"columnWidth":null,"id":"8404067"},{"columnWidth":null,"id":"8404068"},{"columnWidth":null,"id":"8404069"},{"columnWidth":null,"id":"8404070"},{"columnWidth":null,"id":"8404149"},{"columnWidth":null,"id":"8404151"},{"columnWidth":null,"id":"8404152"},{"columnWidth":null,"id":"8404153"},{"columnWidth":null,"id":"8404154"},{"columnWidth":null,"id":"8404155"},{"columnWidth":null,"id":"8404247"},{"columnWidth":null,"id":"8404249"},{"columnWidth":null,"id":"8404250"},{"columnWidth":null,"id":"8404251"},{"columnWidth":null,"id":"8404252"},{"columnWidth":null,"id":"8404259"},{"columnWidth":null,"id":"8404260"},{"columnWidth":null,"id":"8404261"},{"columnWidth":null,"id":"8404267"},{"columnWidth":null,"id":"8404276"}]}],"filter":{"category":null,"offset":null,"order":[],"q":null,"size":null,"sort":[]},"html":null,"keyFieldId":null,"name":"(All records)","pager":null,"revision":null,"titleFieldId":null,"view":"20","viewType":"LIST"}]}],"description":"","iconKey":"20251222173547501DFDEA6CD34750B46A0FD5DBB380C3193","iconMeta":{"internalName":null,"mime":"image/png","name":"master_icon.png"},"iconSrcAppId":"ed4b0310-f2ad-40b2-ab25-102c2a83ef73","iconType":"BLOB","imagesMeta":[],"lookups":[],"name":"販売先マスター管理","references":[],"version":"44"}