{"actions":[],"apps":[{"acl":{"app":[],"field":[],"record":[]},"app":null,"category":{"categories":[],"useCategory":"false"},"form":{"layout":"[{\"controlList\":[{\"isVirtical\":true,\"label\":\"対象給与年月\",\"styleMap\":{\"width\":234},\"type\":\"SINGLE_LINE_TEXT\",\"var\":\"対象給与年月\"}],\"id\":null,\"isSubTable\":false,\"type\":\"ROW\",\"var\":null},{\"controlList\":[{\"isVirtical\":true,\"label\":\"社員コード\",\"styleMap\":{\"width\":246},\"type\":\"SINGLE_LINE_TEXT\",\"var\":\"社員コード\"},{\"isVirtical\":true,\"label\":\"氏名\",\"styleMap\":{\"width\":193},\"type\":\"SINGLE_LINE_TEXT\",\"var\":\"氏名\"}],\"id\":null,\"isSubTable\":false,\"type\":\"ROW\",\"var\":null},{\"controlList\":[{\"align\":\"vertical\",\"isVirtical\":true,\"label\":\"オプションを選択\",\"styleMap\":{\"width\":244},\"type\":\"SINGLE_CHECK\",\"var\":\"オプションを選択\"}],\"id\":null,\"isSubTable\":false,\"type\":\"ROW\",\"var\":null},{\"controlList\":[{\"label\":\"\\u003Cdiv\\u003E\\u003Cspan style=\\\"font-weight:700\\\"\\u003Eオプション①&#xff1a;freee人事労務に直接連携して、給\\u003C/span\\u003E\\u003Cspan style=\\\"font-weight:700\\\"\\u003E与\\u003C/span\\u003E\\u003Cspan style=\\\"font-weight:700\\\"\\u003E・賞与データを取得します。\\u003C/span\\u003E\\u003C/div\\u003E\",\"styleMap\":{\"width\":541},\"type\":\"LABEL\",\"formatted\":\"\\u003Cdiv\\u003E\\u003Cspan style=\\\"font-weight:700\\\"\\u003Eオプション①：freee人事労務に直接連携して、給\\u003C/span\\u003E\\u003Cspan style=\\\"font-weight:700\\\"\\u003E与\\u003C/span\\u003E\\u003Cspan style=\\\"font-weight:700\\\"\\u003E・賞与データを取得します。\\u003C/span\\u003E\\u003C/div\\u003E\"}],\"id\":null,\"isSubTable\":false,\"type\":\"ROW\",\"var\":null},{\"controlList\":[{\"elementId\":\"updateCredentialBtn\",\"styleMap\":{\"width\":117,\"height\":28},\"type\":\"SPACER\"}],\"id\":null,\"isSubTable\":false,\"type\":\"ROW\",\"var\":null},{\"controlList\":[{\"label\":\"\\u003Cdiv\\u003E\\u003Cspan style=\\\"font-weight:700\\\"\\u003Eオプション②&#xff1a;freee人事労務から給\\u003C/span\\u003E\\u003Cspan style=\\\"font-weight:700\\\"\\u003E与\\u003C/span\\u003E\\u003Cspan style=\\\"font-weight:700\\\"\\u003E・賞与データをCSVファイルに出力し、アップロードします。\\u003C/span\\u003E\\u003C/div\\u003E\",\"styleMap\":{\"width\":668},\"type\":\"LABEL\",\"formatted\":\"\\u003Cdiv\\u003E\\u003Cspan style=\\\"font-weight:700\\\"\\u003Eオプション②：freee人事労務から給\\u003C/span\\u003E\\u003Cspan style=\\\"font-weight:700\\\"\\u003E与\\u003C/span\\u003E\\u003Cspan style=\\\"font-weight:700\\\"\\u003E・賞与データをCSVファイルに出力し、アップロードします。\\u003C/span\\u003E\\u003C/div\\u003E\"}],\"id\":null,\"isSubTable\":false,\"type\":\"ROW\",\"var\":null},{\"controlList\":[{\"isVirtical\":true,\"label\":\"給与のCSVファイル\",\"styleMap\":{\"width\":338},\"type\":\"FILE\",\"var\":\"給料のCSVファイル\"},{\"isVirtical\":true,\"label\":\"賞与のCSVファイル\",\"styleMap\":{\"width\":338},\"type\":\"FILE\",\"var\":\"賞与のCSVファイル\"}],\"id\":null,\"isSubTable\":false,\"type\":\"ROW\",\"var\":null},{\"controlList\":[{\"isVirtical\":true,\"label\":\"開始日\",\"styleMap\":{\"width\":117},\"type\":\"DATE\",\"var\":\"開始日\"},{\"isVirtical\":true,\"label\":\"終了日\",\"styleMap\":{\"width\":117},\"type\":\"DATE\",\"var\":\"終了日\"},{\"isVirtical\":true,\"label\":\"freee取得(給与)\",\"styleMap\":{\"width\":133},\"type\":\"SINGLE_LINE_TEXT\",\"var\":\"freee取得_給与\"},{\"isVirtical\":true,\"label\":\"freee取得(賞与)\",\"styleMap\":{\"width\":133},\"type\":\"SINGLE_LINE_TEXT\",\"var\":\"freee取得_賞与\"}],\"id\":null,\"isSubTable\":false,\"type\":\"ROW\",\"var\":null},{\"controlList\":[{\"elementId\":\"calcBtn\",\"styleMap\":{\"width\":117,\"height\":28},\"type\":\"SPACER\"}],\"id\":null,\"isSubTable\":false,\"type\":\"ROW\",\"var\":null},{\"controlList\":[{\"isVirtical\":true,\"label\":\"作付\",\"styleMap\":{\"width\":327},\"type\":\"SINGLE_LINE_TEXT\",\"var\":\"作付\"},{\"isVirtical\":true,\"label\":\"圃場\",\"styleMap\":{\"width\":345},\"type\":\"SINGLE_LINE_TEXT\",\"var\":\"圃場\"},{\"isVirtical\":true,\"label\":\"作業時間\",\"styleMap\":{\"width\":295},\"type\":\"DECIMAL\",\"var\":\"作業時間\"},{\"isVirtical\":true,\"label\":\"パーセント\",\"styleMap\":{\"width\":294},\"type\":\"DECIMAL\",\"var\":\"パーセント\"},{\"isVirtical\":true,\"label\":\"作付別人件費配賦\",\"styleMap\":{\"width\":288},\"type\":\"DECIMAL\",\"var\":\"別人件費配賦\"}],\"id\":\"8403270\",\"isSubTable\":true,\"type\":\"SUBTABLE\",\"var\":\"作業リスト\"}]","revision":null},"iconMeta":{"internalName":null,"mime":"image/png","name":"cost_person2.png"},"info":{"automaticallyChooseTitleComponent":"true","code":null,"decimalPrecision":"16","decimalScale":"4","description":"\u003Cdiv\u003E\u003Cbr /\u003E\u003C/div\u003E","enableBulkDeletion":"false","enableRecordReuse":"true","fiscalYearStartMonth":"4","iconKey":"436163","iconType":"BLOB","jsFiles":null,"jsScope":"ALL","name":"作付別人件費配賦","roundingMode":"HALF_EVEN","theme":"PLAIN","titleComponentLocalId":null,"useComment":"true","useHistory":"true","useInlineEditAndDelete":"true","useThumbnail":"true"},"jsFiles":[{"jsFileMetas":[{"internalName":null,"locationType":"BLOB","mime":"text/javascript","name":"1 - jquery.min.js","url":null},{"internalName":null,"locationType":"BLOB","mime":"text/javascript","name":"2 - bootstrap.min.js","url":null},{"internalName":null,"locationType":"BLOB","mime":"text/javascript","name":"3 - bootstrap-datepicker.min.js","url":null},{"internalName":null,"locationType":"BLOB","mime":"text/javascript","name":"4 - bootstrap-datepicker-ja.js","url":null},{"internalName":null,"locationType":"BLOB","mime":"text/javascript","name":"5 - moment.min.js","url":null},{"internalName":null,"locationType":"BLOB","mime":"text/javascript","name":"6 - csvtojson@2.0.10.js","url":null},{"internalName":null,"locationType":"BLOB","mime":"text/javascript","name":"7 - language.js","url":null},{"internalName":null,"locationType":"BLOB","mime":"text/javascript","name":"8 - services.js","url":null},{"internalName":null,"locationType":"BLOB","mime":"text/javascript","name":"9 - main.js","url":null}],"jsType":"DESKTOP"},{"jsFileMetas":[{"internalName":null,"locationType":"BLOB","mime":"text/javascript","name":"bootstrap-datepicker.min.css","url":null},{"internalName":null,"locationType":"BLOB","mime":"text/javascript","name":"bootstrap.min.css","url":null},{"internalName":null,"locationType":"BLOB","mime":"text/javascript","name":"desktop.css","url":null},{"internalName":null,"locationType":"URL","mime":null,"name":null,"url":"https://cdnjs.cloudflare.com/ajax/libs/font-awesome/4.7.0/css/font-awesome.min.css"}],"jsType":"DESKTOP_CSS"},{"jsFileMetas":[{"internalName":null,"locationType":"BLOB","mime":"text/javascript","name":"jquery.min.js","url":null},{"internalName":null,"locationType":"BLOB","mime":"text/javascript","name":"main.js","url":null}],"jsType":"MOBILE"}],"notification":{"appNotifications":[{"events":["RECORD_COMMENT_ADDED"],"target":{"entityId":"8403248","entityType":"FIELD_ENTITY","includeSubs":"false"}},{"events":["RECORD_COMMENT_ADDED"],"target":{"entityId":"8403249","entityType":"FIELD_ENTITY","includeSubs":"false"}}],"recordNotifications":[],"reminderTimezone":null,"reminders":[],"useComment":"true","useReminder":"false"},"plugins":[{"enabled":"true","id":"dhgjkaammojmbkecclgbpenbpnejohfc"},{"enabled":"true","id":"hglceifbalmafenmmklknfgmodiefjnj"}],"reports":[],"resource":{"tables":[{"rows":[{"fields":[],"objectId":"0","subObjectId":"-1"}],"type":"AppName"},{"rows":[{"fields":[],"objectId":"0","subObjectId":"-1"}],"type":"AppDescription"},{"rows":[{"fields":[],"objectId":"8403247","subObjectId":"-1"},{"fields":[],"objectId":"8403248","subObjectId":"-1"},{"fields":[],"objectId":"8403249","subObjectId":"-1"},{"fields":[],"objectId":"8403250","subObjectId":"-1"},{"fields":[],"objectId":"8403251","subObjectId":"-1"},{"fields":[],"objectId":"8403252","subObjectId":"-1"},{"fields":[],"objectId":"8403253","subObjectId":"-1"},{"fields":[],"objectId":"8403254","subObjectId":"-1"},{"fields":[],"objectId":"8403258","subObjectId":"-1"},{"fields":[],"objectId":"8403259","subObjectId":"-1"},{"fields":[],"objectId":"8403261","subObjectId":"-1"},{"fields":[],"objectId":"8403270","subObjectId":"-1"},{"fields":[],"objectId":"8403264","subObjectId":"-1"},{"fields":[],"objectId":"8403265","subObjectId":"-1"},{"fields":[],"objectId":"8403266","subObjectId":"-1"},{"fields":[],"objectId":"8403268","subObjectId":"-1"},{"fields":[],"objectId":"8403269","subObjectId":"-1"},{"fields":[],"objectId":"8403271","subObjectId":"-1"},{"fields":[],"objectId":"8403272","subObjectId":"-1"},{"fields":[],"objectId":"8403284","subObjectId":"-1"},{"fields":[],"objectId":"8403285","subObjectId":"-1"},{"fields":[],"objectId":"8404610","subObjectId":"-1"},{"fields":[],"objectId":"8404610","subObjectId":"8404608"},{"fields":[],"objectId":"8404610","subObjectId":"8404609"},{"fields":[],"objectId":"8404611","subObjectId":"-1"},{"fields":[],"objectId":"8404612","subObjectId":"-1"}],"type":"FieldLabel"},{"rows":[{"fields":[],"objectId":"20","subObjectId":"-1"}],"type":"ViewName"},{"rows":[],"type":"CategoryName"}]},"schema":{"groups":[],"revision":null,"subTable":{"8403270":{"fieldList":{"8403264":{"id":"8403264","label":"作付","properties":{"defaultValue":"","expression":"","hideExpression":"false","max":null,"min":null,"noLabel":"false","required":"false","unique":"false"},"type":"SINGLE_LINE_TEXT","var":"作付"},"8403265":{"id":"8403265","label":"圃場","properties":{"defaultValue":"","expression":"","hideExpression":"false","max":null,"min":null,"noLabel":"false","required":"false","unique":"false"},"type":"SINGLE_LINE_TEXT","var":"圃場"},"8403266":{"id":"8403266","label":"作業時間","properties":{"defaultValue":null,"digit":"false","displayScale":null,"max":null,"min":null,"noLabel":"false","required":"false","roundingMode":null,"scale":null,"unique":"false","unit":"h","unitPosition":"AFTER"},"type":"DECIMAL","var":"作業時間"},"8403268":{"id":"8403268","label":"パーセント","properties":{"defaultValue":null,"digit":"false","displayScale":null,"max":null,"min":null,"noLabel":"false","required":"false","roundingMode":null,"scale":null,"unique":"false","unit":"%","unitPosition":"AFTER"},"type":"DECIMAL","var":"パーセント"},"8403269":{"id":"8403269","label":"作付別人件費配賦","properties":{"defaultValue":null,"digit":"true","displayScale":null,"max":null,"min":null,"noLabel":"false","required":"false","roundingMode":null,"scale":null,"unique":"false","unit":"￥","unitPosition":"BEFORE"},"type":"DECIMAL","var":"別人件費配賦"}},"id":"8403270","label":"作業リスト","properties":{"noLabel":"false"},"var":"作業リスト"}},"table":{"fieldList":{"8403247":{"id":"8403247","label":"Record number","properties":{"noLabel":"false","required":"true"},"type":"RECORD_ID","var":"Record_number"},"8403248":{"id":"8403248","label":"Updated by","properties":{"noLabel":"false","required":"true"},"type":"MODIFIER","var":"Updated_by"},"8403249":{"id":"8403249","label":"Created by","properties":{"noLabel":"false","required":"true"},"type":"CREATOR","var":"Created_by"},"8403250":{"id":"8403250","label":"Updated datetime","properties":{"noLabel":"false","required":"true"},"type":"MODIFIED_AT","var":"Updated_datetime"},"8403251":{"id":"8403251","label":"Created datetime","properties":{"noLabel":"false","required":"true"},"type":"CREATED_AT","var":"Created_datetime"},"8403252":{"id":"8403252","label":"Status","properties":{"noLabel":"false","required":"false"},"type":"STATUS","var":"Status"},"8403253":{"id":"8403253","label":"Assignee","properties":{"noLabel":"false","required":"false"},"type":"STATUS_ASSIGNEE","var":"Assignee"},"8403254":{"id":"8403254","label":"Categories","properties":{"noLabel":"false","required":"false"},"type":"CATEGORY","var":"Categories"},"8403258":{"id":"8403258","label":"社員コード","properties":{"defaultValue":"","expression":"","hideExpression":"false","max":null,"min":null,"noLabel":"false","required":"true","unique":"false"},"type":"SINGLE_LINE_TEXT","var":"社員コード"},"8403259":{"id":"8403259","label":"氏名","properties":{"defaultValue":"","expression":"","hideExpression":"false","max":null,"min":null,"noLabel":"false","required":"true","unique":"false"},"type":"SINGLE_LINE_TEXT","var":"氏名"},"8403261":{"id":"8403261","label":"対象給与年月","properties":{"defaultValue":"","expression":"","hideExpression":"false","max":null,"min":null,"noLabel":"false","required":"true","unique":"false"},"type":"SINGLE_LINE_TEXT","var":"対象給与年月"},"8403271":{"id":"8403271","label":"開始日","properties":{"defaultExpression":null,"defaultValue":null,"noLabel":"false","required":"false","unique":"false"},"type":"DATE","var":"開始日"},"8403272":{"id":"8403272","label":"終了日","properties":{"defaultExpression":null,"defaultValue":null,"noLabel":"false","required":"false","unique":"false"},"type":"DATE","var":"終了日"},"8403284":{"id":"8403284","label":"freee取得(給与)","properties":{"defaultValue":"","expression":"","hideExpression":"false","max":null,"min":null,"noLabel":"false","required":"false","unique":"false"},"type":"SINGLE_LINE_TEXT","var":"freee取得_給与"},"8403285":{"id":"8403285","label":"freee取得(賞与)","properties":{"defaultValue":"","expression":"","hideExpression":"false","max":null,"min":null,"noLabel":"false","required":"false","unique":"false"},"type":"SINGLE_LINE_TEXT","var":"freee取得_賞与"},"8404610":{"id":"8404610","label":"オプションを選択","properties":{"defaultValue":"8404608","noLabel":"false","options":[{"id":"8404608","label":"オプション①","valid":true},{"id":"8404609","label":"オプション②","valid":true}],"required":"true"},"type":"SINGLE_CHECK","var":"オプションを選択"},"8404611":{"id":"8404611","label":"給与のCSVファイル","properties":{"noLabel":"false","required":"false","thumbnailSize":"150"},"type":"FILE","var":"給料のCSVファイル"},"8404612":{"id":"8404612","label":"賞与のCSVファイル","properties":{"noLabel":"false","required":"false","thumbnailSize":"150"},"type":"FILE","var":"賞与のCSVファイル"}},"id":"1","label":"__ROOT__","properties":null,"var":"__ROOT__"}},"settingsNotesForm":{"content":null,"willBeInherited":null},"status":{"actions":[],"filters":[],"initialStateId":null,"states":[],"useStatus":"false"},"uuid":"590b5c07-083a-4aaf-bcfa-78ab505f590c","views":[{"advancedMode":null,"builtinType":"ALL","device":null,"fields":[{"row":[{"columnWidth":null,"id":"8403247"},{"columnWidth":null,"id":"8403258"},{"columnWidth":null,"id":"8403259"},{"columnWidth":null,"id":"8403261"},{"columnWidth":null,"id":"8403271"},{"columnWidth":null,"id":"8403272"},{"columnWidth":null,"id":"8403284"},{"columnWidth":null,"id":"8403285"},{"columnWidth":null,"id":"8404610"},{"columnWidth":null,"id":"8404611"},{"columnWidth":null,"id":"8404612"}]}],"filter":{"category":null,"offset":null,"order":[],"q":null,"size":null,"sort":[]},"html":null,"keyFieldId":null,"name":"(All records)","pager":null,"revision":null,"titleFieldId":null,"view":"20","viewType":"LIST"}]},{"acl":{"app":[],"field":[],"record":[]},"app":null,"category":{"categories":[],"useCategory":"false"},"form":{"layout":"[{\"id\":null,\"type\":\"ROW\",\"isSubTable\":false,\"var\":null,\"label\":null,\"controlList\":[{\"isVirtical\":true,\"styleMap\":{\"width\":193},\"type\":\"DECIMAL\",\"var\":\"SharePointID\",\"label\":\"SharePointID\"},{\"isVirtical\":true,\"styleMap\":{\"width\":193},\"type\":\"SINGLE_LINE_TEXT\",\"var\":\"SharePointLastModified\",\"label\":\"SharePointLastModified\"}]},{\"id\":null,\"type\":\"ROW\",\"isSubTable\":false,\"var\":null,\"label\":null,\"controlList\":[{\"isVirtical\":true,\"styleMap\":{\"width\":193},\"type\":\"SINGLE_LINE_TEXT\",\"var\":\"社員コード\",\"label\":\"社員コード\"},{\"isVirtical\":true,\"styleMap\":{\"width\":193},\"type\":\"SINGLE_LINE_TEXT\",\"var\":\"氏名\",\"label\":\"氏名\"},{\"isVirtical\":true,\"styleMap\":{\"width\":193},\"type\":\"SINGLE_LINE_TEXT\",\"var\":\"せいめい\",\"label\":\"せいめい（かな）\"},{\"isVirtical\":true,\"styleMap\":{\"width\":344},\"type\":\"USER_SELECT\",\"var\":\"ユーザーの選択\",\"label\":\"ユーザーの選択\"}]},{\"id\":null,\"type\":\"ROW\",\"isSubTable\":false,\"var\":null,\"label\":null,\"controlList\":[{\"isVirtical\":true,\"styleMap\":{\"width\":193},\"type\":\"SINGLE_LINE_TEXT\",\"var\":\"雇用形態\",\"label\":\"雇用形態\"},{\"isVirtical\":true,\"styleMap\":{\"width\":193},\"type\":\"SINGLE_LINE_TEXT\",\"var\":\"優先作業\",\"label\":\"優先作業\"},{\"isVirtical\":true,\"styleMap\":{\"width\":193},\"type\":\"SINGLE_LINE_TEXT\",\"var\":\"勤務日数・時間\",\"label\":\"勤務日数・時間\"},{\"isVirtical\":true,\"styleMap\":{\"width\":292},\"type\":\"SINGLE_LINE_TEXT\",\"var\":\"メールアドレス\",\"label\":\"メールアドレス\"}]},{\"id\":null,\"type\":\"ROW\",\"isSubTable\":false,\"var\":null,\"label\":null,\"controlList\":[{\"isVirtical\":true,\"styleMap\":{\"width\":196},\"type\":\"SINGLE_SELECT\",\"var\":\"スマホアプリの利用設定\",\"label\":\"スマホアプリの利用設定\"}]}]","revision":null},"iconMeta":{"internalName":null,"mime":"image/png","name":"master_icon.png"},"info":{"automaticallyChooseTitleComponent":"true","code":null,"decimalPrecision":"16","decimalScale":"4","description":"\u003Cdiv\u003E\u003Cspan style=\"color:rgb( 36 , 36 , 36 );font-family:&#39;yu gothic&#39; , &#39;meiryo ui&#39; , &#39;ms ui gothic&#39; , &#39;ms pgothic&#39; , , &#39;ms gothic&#39; , , &#39;calibri&#39; , sans-serif , &#39;mongolian baiti&#39; , &#39;microsoft yi baiti&#39; , &#39;javanese text&#39;;font-size:14.6667px\"\u003E\u003Cb\u003E説明\u003C/b\u003E\u003Cbr /\u003E作業者の基本情報を管理する。\u003C/span\u003E\u003C/div\u003E\u003Cdiv\u003E\u003Cspan style=\"color:rgb( 36 , 36 , 36 );font-size:14.6667px\"\u003E機能&#xff1b;新しい作業者を登録する・\u003C/span\u003E\u003Cspan style=\"color:rgb( 36 , 36 , 36 );font-size:14.6667px\"\u003E存在している作業者の情報を修正する・\u003C/span\u003E\u003Cspan style=\"color:rgb( 36 , 36 , 36 );font-size:14.6667px\"\u003E作業者情報を削除する。\u003C/span\u003E\u003Cbr /\u003E\u003C/div\u003E","enableBulkDeletion":"false","enableRecordReuse":"true","fiscalYearStartMonth":"4","iconKey":"436179","iconType":"BLOB","jsFiles":null,"jsScope":"ALL","name":"作業者マスター管理","roundingMode":"HALF_EVEN","theme":"PLAIN","titleComponentLocalId":null,"useComment":"true","useHistory":"true","useInlineEditAndDelete":"true","useThumbnail":"true"},"jsFiles":[{"jsFileMetas":[{"internalName":null,"locationType":"URL","mime":null,"name":null,"url":"https://js.kintone.com/jquery/2.2.4/jquery.min.js"}],"jsType":"DESKTOP"}],"notification":{"appNotifications":[],"recordNotifications":[],"reminderTimezone":null,"reminders":[],"useComment":"true","useReminder":"false"},"plugins":[{"enabled":"true","id":"mlejgiphgolcmmlngilpciapimhkmilh"},{"enabled":"true","id":"kibfibcedglicjbbliflgekhklgcpgoo"},{"enabled":"true","id":"jjolfbjiophiocnpjgmpjncfckcccogf"}],"reports":[],"resource":{"tables":[{"rows":[{"fields":[{"language":"zh","value":""},{"language":"en","value":""},{"language":"ja","value":""}],"objectId":"0","subObjectId":"-1"}],"type":"AppName"},{"rows":[{"fields":[{"language":"zh","value":""},{"language":"en","value":"\u003Cdiv\u003E\u003Cspan style=\"color:rgb( 36 , 36 , 36 );font-family:&#39;yu gothic&#39; , &#39;meiryo ui&#39; , &#39;ms ui gothic&#39; , &#39;ms pgothic&#39; , , &#39;ms gothic&#39; , , &#39;calibri&#39; , sans-serif , &#39;mongolian baiti&#39; , &#39;microsoft yi baiti&#39; , &#39;javanese text&#39;;font-size:14.6667px\"\u003E\u003Cb\u003E説明\u003C/b\u003E\u003Cbr /\u003E作業者の基本情報を管理する。\u003C/span\u003E\u003C/div\u003E\u003Cdiv\u003E\u003Cspan style=\"color:rgb( 36 , 36 , 36 );font-size:14.6667px\"\u003E機能&#xff1b;新しい作業者を登録する・\u003C/span\u003E\u003Cspan style=\"color:rgb( 36 , 36 , 36 );font-size:14.6667px\"\u003E存在している作業者の情報を修正する・\u003C/span\u003E\u003Cspan style=\"color:rgb( 36 , 36 , 36 );font-size:14.6667px\"\u003E作業者情報を削除する。\u003C/span\u003E\u003Cbr /\u003E\u003C/div\u003E"},{"language":"ja","value":"\u003Cdiv\u003E\u003Cspan style=\"color:rgb( 36 , 36 , 36 );font-size:14.6667px\"\u003E\u003Cb\u003E説明\u003C/b\u003E\u003Cbr /\u003E作業者の基本情報を管理する。\u003C/span\u003E\u003C/div\u003E\u003Cdiv\u003E\u003Cspan style=\"color:rgb( 36 , 36 , 36 );font-size:14.6667px\"\u003E機能&#xff1b;新しい作業者を登録する・\u003C/span\u003E\u003Cspan style=\"color:rgb( 36 , 36 , 36 );font-size:14.6667px\"\u003E存在している作業者の情報を修正する・\u003C/span\u003E\u003Cspan style=\"color:rgb( 36 , 36 , 36 );font-size:14.6667px\"\u003E作業者情報を削除する。\u003C/span\u003E\u003Cbr /\u003E\u003C/div\u003E"}],"objectId":"0","subObjectId":"-1"}],"type":"AppDescription"},{"rows":[{"fields":[{"language":"zh","value":""},{"language":"en","value":""},{"language":"ja","value":""}],"objectId":"6424496","subObjectId":"-1"},{"fields":[{"language":"zh","value":""},{"language":"en","value":""},{"language":"ja","value":""}],"objectId":"6424497","subObjectId":"-1"},{"fields":[{"language":"zh","value":""},{"language":"en","value":""},{"language":"ja","value":""}],"objectId":"6424498","subObjectId":"-1"},{"fields":[{"language":"zh","value":""},{"language":"en","value":""},{"language":"ja","value":""}],"objectId":"6424499","subObjectId":"-1"},{"fields":[{"language":"zh","value":""},{"language":"en","value":""},{"language":"ja","value":""}],"objectId":"6424500","subObjectId":"-1"},{"fields":[{"language":"zh","value":""},{"language":"en","value":""},{"language":"ja","value":""}],"objectId":"6424501","subObjectId":"-1"},{"fields":[{"language":"zh","value":""},{"language":"en","value":""},{"language":"ja","value":""}],"objectId":"6424502","subObjectId":"-1"},{"fields":[{"language":"zh","value":""},{"language":"en","value":""},{"language":"ja","value":""}],"objectId":"6424503","subObjectId":"-1"},{"fields":[{"language":"zh","value":""},{"language":"en","value":""},{"language":"ja","value":""}],"objectId":"6424504","subObjectId":"-1"},{"fields":[{"language":"zh","value":""},{"language":"en","value":""},{"language":"ja","value":""}],"objectId":"6424505","subObjectId":"-1"},{"fields":[{"language":"zh","value":""},{"language":"en","value":""},{"language":"ja","value":""}],"objectId":"6424506","subObjectId":"-1"},{"fields":[{"language":"zh","value":""},{"language":"en","value":""},{"language":"ja","value":""}],"objectId":"6424507","subObjectId":"-1"},{"fields":[{"language":"zh","value":""},{"language":"en","value":""},{"language":"ja","value":""}],"objectId":"6424508","subObjectId":"-1"},{"fields":[{"language":"zh","value":""},{"language":"en","value":""},{"language":"ja","value":""}],"objectId":"6424510","subObjectId":"-1"},{"fields":[{"language":"zh","value":""},{"language":"en","value":""},{"language":"ja","value":""}],"objectId":"6424511","subObjectId":"-1"},{"fields":[],"objectId":"8404613","subObjectId":"-1"},{"fields":[],"objectId":"8405423","subObjectId":"-1"},{"fields":[],"objectId":"8405423","subObjectId":"8405421"},{"fields":[],"objectId":"8405423","subObjectId":"8405422"},{"fields":[],"objectId":"8405468","subObjectId":"-1"},{"fields":[],"objectId":"8405469","subObjectId":"-1"}],"type":"FieldLabel"},{"rows":[{"fields":[{"language":"zh","value":""},{"language":"en","value":""},{"language":"ja","value":""}],"objectId":"20","subObjectId":"-1"}],"type":"ViewName"},{"rows":[],"type":"CategoryName"}]},"schema":{"groups":[],"revision":null,"subTable":{},"table":{"fieldList":{"6424496":{"id":"6424496","label":"ID","properties":{"noLabel":"false","required":"true"},"type":"RECORD_ID","var":"Record_number"},"6424497":{"id":"6424497","label":"Updated by","properties":{"noLabel":"false","required":"true"},"type":"MODIFIER","var":"Updated_by"},"6424498":{"id":"6424498","label":"Created by","properties":{"noLabel":"false","required":"true"},"type":"CREATOR","var":"Created_by"},"6424499":{"id":"6424499","label":"Updated datetime","properties":{"noLabel":"false","required":"true"},"type":"MODIFIED_AT","var":"Updated_datetime"},"6424500":{"id":"6424500","label":"Created datetime","properties":{"noLabel":"false","required":"true"},"type":"CREATED_AT","var":"Created_datetime"},"6424501":{"id":"6424501","label":"Status","properties":{"noLabel":"false","required":"false"},"type":"STATUS","var":"Status"},"6424502":{"id":"6424502","label":"Assignee","properties":{"noLabel":"false","required":"false"},"type":"STATUS_ASSIGNEE","var":"Assignee"},"6424503":{"id":"6424503","label":"Categories","properties":{"noLabel":"false","required":"false"},"type":"CATEGORY","var":"Categories"},"6424504":{"id":"6424504","label":"社員コード","properties":{"defaultValue":"","expression":"","hideExpression":"false","max":"64","min":null,"noLabel":"false","required":"true","unique":"true"},"type":"SINGLE_LINE_TEXT","var":"社員コード"},"6424505":{"id":"6424505","label":"氏名","properties":{"defaultValue":"","expression":"","hideExpression":"false","max":null,"min":null,"noLabel":"false","required":"true","unique":"false"},"type":"SINGLE_LINE_TEXT","var":"氏名"},"6424506":{"id":"6424506","label":"せいめい（かな）","properties":{"defaultValue":"","expression":"","hideExpression":"false","max":null,"min":null,"noLabel":"false","required":"false","unique":"false"},"type":"SINGLE_LINE_TEXT","var":"せいめい"},"6424507":{"id":"6424507","label":"雇用形態","properties":{"defaultValue":"","expression":"","hideExpression":"false","max":null,"min":null,"noLabel":"false","required":"false","unique":"false"},"type":"SINGLE_LINE_TEXT","var":"雇用形態"},"6424508":{"id":"6424508","label":"優先作業","properties":{"defaultValue":"","expression":"","hideExpression":"false","max":"64","min":null,"noLabel":"false","required":"false","unique":"false"},"type":"SINGLE_LINE_TEXT","var":"優先作業"},"6424510":{"id":"6424510","label":"ユーザーの選択","properties":{"defaultEntities":[],"defaultSelect":[],"entities":[],"noLabel":"false","required":"false","select":[]},"type":"USER_SELECT","var":"ユーザーの選択"},"6424511":{"id":"6424511","label":"勤務日数・時間","properties":{"defaultValue":"","expression":"","hideExpression":"false","max":"64","min":null,"noLabel":"false","required":"false","unique":"false"},"type":"SINGLE_LINE_TEXT","var":"勤務日数・時間"},"8404613":{"id":"8404613","label":"メールアドレス","properties":{"defaultValue":"","expression":"","hideExpression":"false","max":"64","min":null,"noLabel":"false","required":"true","unique":"true"},"type":"SINGLE_LINE_TEXT","var":"メールアドレス"},"8405423":{"id":"8405423","label":"スマホアプリの利用設定","properties":{"defaultValue":null,"noLabel":"false","options":[{"id":"8405421","label":"kintoneアプリ","valid":true},{"id":"8405422","label":"SharePointアプリ","valid":true}],"required":"false"},"type":"SINGLE_SELECT","var":"スマホアプリの利用設定"},"8405468":{"id":"8405468","label":"SharePointID","properties":{"defaultValue":null,"digit":"false","displayScale":null,"max":null,"min":null,"noLabel":"false","required":"false","roundingMode":null,"scale":null,"unique":"true","unit":"","unitPosition":"BEFORE"},"type":"DECIMAL","var":"SharePointID"},"8405469":{"id":"8405469","label":"SharePointLastModified","properties":{"defaultValue":"","expression":"","hideExpression":"false","max":null,"min":null,"noLabel":"false","required":"false","unique":"false"},"type":"SINGLE_LINE_TEXT","var":"SharePointLastModified"}},"id":"1","label":"__ROOT__","properties":null,"var":"__ROOT__"}},"settingsNotesForm":{"content":null,"willBeInherited":null},"status":{"actions":[],"filters":[],"initialStateId":null,"states":[],"useStatus":"false"},"uuid":"34bc7c68-2520-4f60-b7dc-c99bd967ac2b","views":[{"advancedMode":null,"builtinType":"ALL","device":null,"fields":[{"row":[{"columnWidth":null,"id":"6424496"},{"columnWidth":null,"id":"6424504"},{"columnWidth":null,"id":"6424505"},{"columnWidth":null,"id":"6424506"},{"columnWidth":null,"id":"6424507"},{"columnWidth":null,"id":"6424508"},{"columnWidth":null,"id":"6424510"},{"columnWidth":null,"id":"6424511"},{"columnWidth":null,"id":"8404613"},{"columnWidth":null,"id":"8405423"},{"columnWidth":null,"id":"8405468"},{"columnWidth":null,"id":"8405469"}]}],"filter":{"category":null,"offset":null,"order":[],"q":null,"size":null,"sort":[]},"html":null,"keyFieldId":null,"name":"(All records)","pager":null,"revision":null,"titleFieldId":null,"view":"20","viewType":"LIST"}]}],"description":"","iconKey":"2025122217251987404C9178294A0298605E2F7C39AED5038","iconMeta":{"internalName":null,"mime":"image/png","name":"cost_person2.png"},"iconSrcAppId":"590b5c07-083a-4aaf-bcfa-78ab505f590c","iconType":"BLOB","imagesMeta":[],"lookups":[{"actingAppId":"590b5c07-083a-4aaf-bcfa-78ab505f590c","fieldMappings":[{"fieldId":"8403259","targetFieldId":"6424506"}],"keyMapping":{"fieldId":"8403258","targetFieldId":"6424504"},"listFields":["6424504","6424505","6424506"],"query":{"category":null,"offset":null,"order":["desc"],"q":"order by f6424496 desc","size":null,"sort":["f6424496"]},"targetAppId":"34bc7c68-2520-4f60-b7dc-c99bd967ac2b"}],"name":"作付別人件費配賦","references":[],"version":"44"}