{"actions":[],"apps":[{"acl":{"app":[],"field":[],"record":[]},"app":null,"category":{"categories":[],"useCategory":"false"},"form":{"layout":"[{\"id\":null,\"type\":\"ROW\",\"isSubTable\":false,\"var\":null,\"label\":null,\"controlList\":[{\"isVirtical\":true,\"styleMap\":{\"width\":193},\"type\":\"DECIMAL\",\"var\":\"SharePointID\",\"label\":\"SharePointID\"},{\"isVirtical\":true,\"styleMap\":{\"width\":193},\"type\":\"SINGLE_LINE_TEXT\",\"var\":\"SharePointLastModified\",\"label\":\"SharePointLastModified\"}]},{\"id\":null,\"type\":\"ROW\",\"isSubTable\":false,\"var\":null,\"label\":null,\"controlList\":[{\"isVirtical\":true,\"styleMap\":{\"width\":193},\"type\":\"SINGLE_LINE_TEXT\",\"var\":\"社員コード\",\"label\":\"社員コード\"},{\"isVirtical\":true,\"styleMap\":{\"width\":193},\"type\":\"SINGLE_LINE_TEXT\",\"var\":\"氏名\",\"label\":\"氏名\"},{\"isVirtical\":true,\"styleMap\":{\"width\":193},\"type\":\"SINGLE_LINE_TEXT\",\"var\":\"せいめい\",\"label\":\"せいめい（かな）\"},{\"isVirtical\":true,\"styleMap\":{\"width\":344},\"type\":\"USER_SELECT\",\"var\":\"ユーザーの選択\",\"label\":\"ユーザーの選択\"}]},{\"id\":null,\"type\":\"ROW\",\"isSubTable\":false,\"var\":null,\"label\":null,\"controlList\":[{\"isVirtical\":true,\"styleMap\":{\"width\":193},\"type\":\"SINGLE_LINE_TEXT\",\"var\":\"雇用形態\",\"label\":\"雇用形態\"},{\"isVirtical\":true,\"styleMap\":{\"width\":193},\"type\":\"SINGLE_LINE_TEXT\",\"var\":\"優先作業\",\"label\":\"優先作業\"},{\"isVirtical\":true,\"styleMap\":{\"width\":193},\"type\":\"SINGLE_LINE_TEXT\",\"var\":\"勤務日数・時間\",\"label\":\"勤務日数・時間\"},{\"isVirtical\":true,\"styleMap\":{\"width\":292},\"type\":\"SINGLE_LINE_TEXT\",\"var\":\"メールアドレス\",\"label\":\"メールアドレス\"}]},{\"id\":null,\"type\":\"ROW\",\"isSubTable\":false,\"var\":null,\"label\":null,\"controlList\":[{\"isVirtical\":true,\"styleMap\":{\"width\":196},\"type\":\"SINGLE_SELECT\",\"var\":\"スマホアプリの利用設定\",\"label\":\"スマホアプリの利用設定\"}]}]","revision":null},"iconMeta":{"internalName":null,"mime":"image/png","name":"master_icon.png"},"info":{"automaticallyChooseTitleComponent":"true","code":null,"decimalPrecision":"16","decimalScale":"4","description":"\u003Cdiv\u003E\u003Cspan style=\"color:rgb( 36 , 36 , 36 );font-family:&#39;yu gothic&#39; , &#39;meiryo ui&#39; , &#39;ms ui gothic&#39; , &#39;ms pgothic&#39; , , &#39;ms gothic&#39; , , &#39;calibri&#39; , sans-serif , &#39;mongolian baiti&#39; , &#39;microsoft yi baiti&#39; , &#39;javanese text&#39;;font-size:14.6667px\"\u003E\u003Cb\u003E説明\u003C/b\u003E\u003Cbr /\u003E作業者の基本情報を管理する。\u003C/span\u003E\u003C/div\u003E\u003Cdiv\u003E\u003Cspan style=\"color:rgb( 36 , 36 , 36 );font-size:14.6667px\"\u003E機能&#xff1b;新しい作業者を登録する・\u003C/span\u003E\u003Cspan style=\"color:rgb( 36 , 36 , 36 );font-size:14.6667px\"\u003E存在している作業者の情報を修正する・\u003C/span\u003E\u003Cspan style=\"color:rgb( 36 , 36 , 36 );font-size:14.6667px\"\u003E作業者情報を削除する。\u003C/span\u003E\u003Cbr /\u003E\u003C/div\u003E","enableBulkDeletion":"false","enableRecordReuse":"true","fiscalYearStartMonth":"4","iconKey":"436092","iconType":"BLOB","jsFiles":null,"jsScope":"ALL","name":"作業者マスター管理","roundingMode":"HALF_EVEN","theme":"PLAIN","titleComponentLocalId":null,"useComment":"true","useHistory":"true","useInlineEditAndDelete":"true","useThumbnail":"true"},"jsFiles":[{"jsFileMetas":[{"internalName":null,"locationType":"URL","mime":null,"name":null,"url":"https://js.kintone.com/jquery/2.2.4/jquery.min.js"}],"jsType":"DESKTOP"}],"notification":{"appNotifications":[],"recordNotifications":[],"reminderTimezone":null,"reminders":[],"useComment":"true","useReminder":"false"},"plugins":[{"enabled":"true","id":"mlejgiphgolcmmlngilpciapimhkmilh"},{"enabled":"true","id":"kibfibcedglicjbbliflgekhklgcpgoo"},{"enabled":"true","id":"jjolfbjiophiocnpjgmpjncfckcccogf"}],"reports":[],"resource":{"tables":[{"rows":[{"fields":[{"language":"zh","value":""},{"language":"en","value":""},{"language":"ja","value":""}],"objectId":"0","subObjectId":"-1"}],"type":"AppName"},{"rows":[{"fields":[{"language":"zh","value":""},{"language":"en","value":"\u003Cdiv\u003E\u003Cspan style=\"color:rgb( 36 , 36 , 36 );font-family:&#39;yu gothic&#39; , &#39;meiryo ui&#39; , &#39;ms ui gothic&#39; , &#39;ms pgothic&#39; , , &#39;ms gothic&#39; , , &#39;calibri&#39; , sans-serif , &#39;mongolian baiti&#39; , &#39;microsoft yi baiti&#39; , &#39;javanese text&#39;;font-size:14.6667px\"\u003E\u003Cb\u003E説明\u003C/b\u003E\u003Cbr /\u003E作業者の基本情報を管理する。\u003C/span\u003E\u003C/div\u003E\u003Cdiv\u003E\u003Cspan style=\"color:rgb( 36 , 36 , 36 );font-size:14.6667px\"\u003E機能&#xff1b;新しい作業者を登録する・\u003C/span\u003E\u003Cspan style=\"color:rgb( 36 , 36 , 36 );font-size:14.6667px\"\u003E存在している作業者の情報を修正する・\u003C/span\u003E\u003Cspan style=\"color:rgb( 36 , 36 , 36 );font-size:14.6667px\"\u003E作業者情報を削除する。\u003C/span\u003E\u003Cbr /\u003E\u003C/div\u003E"},{"language":"ja","value":"\u003Cdiv\u003E\u003Cspan style=\"color:rgb( 36 , 36 , 36 );font-size:14.6667px\"\u003E\u003Cb\u003E説明\u003C/b\u003E\u003Cbr /\u003E作業者の基本情報を管理する。\u003C/span\u003E\u003C/div\u003E\u003Cdiv\u003E\u003Cspan style=\"color:rgb( 36 , 36 , 36 );font-size:14.6667px\"\u003E機能&#xff1b;新しい作業者を登録する・\u003C/span\u003E\u003Cspan style=\"color:rgb( 36 , 36 , 36 );font-size:14.6667px\"\u003E存在している作業者の情報を修正する・\u003C/span\u003E\u003Cspan style=\"color:rgb( 36 , 36 , 36 );font-size:14.6667px\"\u003E作業者情報を削除する。\u003C/span\u003E\u003Cbr /\u003E\u003C/div\u003E"}],"objectId":"0","subObjectId":"-1"}],"type":"AppDescription"},{"rows":[{"fields":[{"language":"zh","value":""},{"language":"en","value":""},{"language":"ja","value":""}],"objectId":"6424496","subObjectId":"-1"},{"fields":[{"language":"zh","value":""},{"language":"en","value":""},{"language":"ja","value":""}],"objectId":"6424497","subObjectId":"-1"},{"fields":[{"language":"zh","value":""},{"language":"en","value":""},{"language":"ja","value":""}],"objectId":"6424498","subObjectId":"-1"},{"fields":[{"language":"zh","value":""},{"language":"en","value":""},{"language":"ja","value":""}],"objectId":"6424499","subObjectId":"-1"},{"fields":[{"language":"zh","value":""},{"language":"en","value":""},{"language":"ja","value":""}],"objectId":"6424500","subObjectId":"-1"},{"fields":[{"language":"zh","value":""},{"language":"en","value":""},{"language":"ja","value":""}],"objectId":"6424501","subObjectId":"-1"},{"fields":[{"language":"zh","value":""},{"language":"en","value":""},{"language":"ja","value":""}],"objectId":"6424502","subObjectId":"-1"},{"fields":[{"language":"zh","value":""},{"language":"en","value":""},{"language":"ja","value":""}],"objectId":"6424503","subObjectId":"-1"},{"fields":[{"language":"zh","value":""},{"language":"en","value":""},{"language":"ja","value":""}],"objectId":"6424504","subObjectId":"-1"},{"fields":[{"language":"zh","value":""},{"language":"en","value":""},{"language":"ja","value":""}],"objectId":"6424505","subObjectId":"-1"},{"fields":[{"language":"zh","value":""},{"language":"en","value":""},{"language":"ja","value":""}],"objectId":"6424506","subObjectId":"-1"},{"fields":[{"language":"zh","value":""},{"language":"en","value":""},{"language":"ja","value":""}],"objectId":"6424507","subObjectId":"-1"},{"fields":[{"language":"zh","value":""},{"language":"en","value":""},{"language":"ja","value":""}],"objectId":"6424508","subObjectId":"-1"},{"fields":[{"language":"zh","value":""},{"language":"en","value":""},{"language":"ja","value":""}],"objectId":"6424510","subObjectId":"-1"},{"fields":[{"language":"zh","value":""},{"language":"en","value":""},{"language":"ja","value":""}],"objectId":"6424511","subObjectId":"-1"},{"fields":[],"objectId":"8404613","subObjectId":"-1"},{"fields":[],"objectId":"8405423","subObjectId":"-1"},{"fields":[],"objectId":"8405423","subObjectId":"8405421"},{"fields":[],"objectId":"8405423","subObjectId":"8405422"},{"fields":[],"objectId":"8405468","subObjectId":"-1"},{"fields":[],"objectId":"8405469","subObjectId":"-1"}],"type":"FieldLabel"},{"rows":[{"fields":[{"language":"zh","value":""},{"language":"en","value":""},{"language":"ja","value":""}],"objectId":"20","subObjectId":"-1"}],"type":"ViewName"},{"rows":[],"type":"CategoryName"}]},"schema":{"groups":[],"revision":null,"subTable":{},"table":{"fieldList":{"6424496":{"id":"6424496","label":"ID","properties":{"noLabel":"false","required":"true"},"type":"RECORD_ID","var":"Record_number"},"6424497":{"id":"6424497","label":"Updated by","properties":{"noLabel":"false","required":"true"},"type":"MODIFIER","var":"Updated_by"},"6424498":{"id":"6424498","label":"Created by","properties":{"noLabel":"false","required":"true"},"type":"CREATOR","var":"Created_by"},"6424499":{"id":"6424499","label":"Updated datetime","properties":{"noLabel":"false","required":"true"},"type":"MODIFIED_AT","var":"Updated_datetime"},"6424500":{"id":"6424500","label":"Created datetime","properties":{"noLabel":"false","required":"true"},"type":"CREATED_AT","var":"Created_datetime"},"6424501":{"id":"6424501","label":"Status","properties":{"noLabel":"false","required":"false"},"type":"STATUS","var":"Status"},"6424502":{"id":"6424502","label":"Assignee","properties":{"noLabel":"false","required":"false"},"type":"STATUS_ASSIGNEE","var":"Assignee"},"6424503":{"id":"6424503","label":"Categories","properties":{"noLabel":"false","required":"false"},"type":"CATEGORY","var":"Categories"},"6424504":{"id":"6424504","label":"社員コード","properties":{"defaultValue":"","expression":"","hideExpression":"false","max":"64","min":null,"noLabel":"false","required":"true","unique":"true"},"type":"SINGLE_LINE_TEXT","var":"社員コード"},"6424505":{"id":"6424505","label":"氏名","properties":{"defaultValue":"","expression":"","hideExpression":"false","max":null,"min":null,"noLabel":"false","required":"true","unique":"false"},"type":"SINGLE_LINE_TEXT","var":"氏名"},"6424506":{"id":"6424506","label":"せいめい（かな）","properties":{"defaultValue":"","expression":"","hideExpression":"false","max":null,"min":null,"noLabel":"false","required":"false","unique":"false"},"type":"SINGLE_LINE_TEXT","var":"せいめい"},"6424507":{"id":"6424507","label":"雇用形態","properties":{"defaultValue":"","expression":"","hideExpression":"false","max":null,"min":null,"noLabel":"false","required":"false","unique":"false"},"type":"SINGLE_LINE_TEXT","var":"雇用形態"},"6424508":{"id":"6424508","label":"優先作業","properties":{"defaultValue":"","expression":"","hideExpression":"false","max":"64","min":null,"noLabel":"false","required":"false","unique":"false"},"type":"SINGLE_LINE_TEXT","var":"優先作業"},"6424510":{"id":"6424510","label":"ユーザーの選択","properties":{"defaultEntities":[],"defaultSelect":[],"entities":[],"noLabel":"false","required":"false","select":[]},"type":"USER_SELECT","var":"ユーザーの選択"},"6424511":{"id":"6424511","label":"勤務日数・時間","properties":{"defaultValue":"","expression":"","hideExpression":"false","max":"64","min":null,"noLabel":"false","required":"false","unique":"false"},"type":"SINGLE_LINE_TEXT","var":"勤務日数・時間"},"8404613":{"id":"8404613","label":"メールアドレス","properties":{"defaultValue":"","expression":"","hideExpression":"false","max":"64","min":null,"noLabel":"false","required":"true","unique":"true"},"type":"SINGLE_LINE_TEXT","var":"メールアドレス"},"8405423":{"id":"8405423","label":"スマホアプリの利用設定","properties":{"defaultValue":null,"noLabel":"false","options":[{"id":"8405421","label":"kintoneアプリ","valid":true},{"id":"8405422","label":"SharePointアプリ","valid":true}],"required":"false"},"type":"SINGLE_SELECT","var":"スマホアプリの利用設定"},"8405468":{"id":"8405468","label":"SharePointID","properties":{"defaultValue":null,"digit":"false","displayScale":null,"max":null,"min":null,"noLabel":"false","required":"false","roundingMode":null,"scale":null,"unique":"true","unit":"","unitPosition":"BEFORE"},"type":"DECIMAL","var":"SharePointID"},"8405469":{"id":"8405469","label":"SharePointLastModified","properties":{"defaultValue":"","expression":"","hideExpression":"false","max":null,"min":null,"noLabel":"false","required":"false","unique":"false"},"type":"SINGLE_LINE_TEXT","var":"SharePointLastModified"}},"id":"1","label":"__ROOT__","properties":null,"var":"__ROOT__"}},"settingsNotesForm":{"content":null,"willBeInherited":null},"status":{"actions":[],"filters":[],"initialStateId":null,"states":[],"useStatus":"false"},"uuid":"e409a0a5-fc02-49d4-8220-521f14d84bee","views":[{"advancedMode":null,"builtinType":"ALL","device":null,"fields":[{"row":[{"columnWidth":null,"id":"6424496"},{"columnWidth":null,"id":"6424504"},{"columnWidth":null,"id":"6424505"},{"columnWidth":null,"id":"6424506"},{"columnWidth":null,"id":"6424507"},{"columnWidth":null,"id":"6424508"},{"columnWidth":null,"id":"6424510"},{"columnWidth":null,"id":"6424511"},{"columnWidth":null,"id":"8404613"},{"columnWidth":null,"id":"8405423"},{"columnWidth":null,"id":"8405468"},{"columnWidth":null,"id":"8405469"}]}],"filter":{"category":null,"offset":null,"order":[],"q":null,"size":null,"sort":[]},"html":null,"keyFieldId":null,"name":"(All records)","pager":null,"revision":null,"titleFieldId":null,"view":"20","viewType":"LIST"}]},{"acl":{"app":[],"field":[],"record":[]},"app":null,"category":{"categories":[],"useCategory":"false"},"form":{"layout":"[{\"controlList\":[{\"isVirtical\":true,\"label\":\"SharePointID\",\"styleMap\":{\"width\":193},\"type\":\"DECIMAL\",\"var\":\"SharePointID\"},{\"isVirtical\":true,\"label\":\"SharePointLastModified\",\"styleMap\":{\"width\":193},\"type\":\"SINGLE_LINE_TEXT\",\"var\":\"SharePointLastModified\"}],\"id\":null,\"isSubTable\":false,\"type\":\"ROW\",\"var\":null},{\"controlList\":[{\"isVirtical\":true,\"label\":\"作付名\",\"styleMap\":{\"width\":193},\"type\":\"SINGLE_LINE_TEXT\",\"var\":\"作付名\"},{\"isVirtical\":true,\"label\":\"品種\",\"styleMap\":{\"width\":246},\"type\":\"SINGLE_LINE_TEXT\",\"var\":\"品種\"}],\"id\":null,\"isSubTable\":false,\"type\":\"ROW\",\"var\":null},{\"controlList\":[{\"isVirtical\":true,\"label\":\"圃場\",\"styleMap\":{\"width\":246},\"type\":\"SINGLE_LINE_TEXT\",\"var\":\"圃場\"}],\"id\":\"8404633\",\"isSubTable\":true,\"type\":\"SUBTABLE\",\"var\":\"詳細\"},{\"controlList\":[{\"isVirtical\":true,\"label\":\"備考\",\"styleMap\":{\"innerHeight\":91,\"width\":685},\"type\":\"MULTIPLE_LINE_TEXT\",\"var\":\"備考\"}],\"id\":null,\"isSubTable\":false,\"type\":\"ROW\",\"var\":null},{\"controlList\":[{\"label\":\"\\u003Cdiv\\u003E\\u003Cb\\u003E作業期間\\u003C/b\\u003E\\u003C/div\\u003E\",\"styleMap\":{\"width\":88},\"type\":\"LABEL\",\"formatted\":\"\\u003Cdiv\\u003E\\u003Cb\\u003E作業期間\\u003C/b\\u003E\\u003C/div\\u003E\"}],\"id\":null,\"isSubTable\":false,\"type\":\"ROW\",\"var\":null},{\"controlList\":[{\"isVirtical\":true,\"label\":\"最初日\",\"styleMap\":{\"width\":117},\"type\":\"DATE\",\"var\":\"最初日\"},{\"isVirtical\":true,\"label\":\"最終日\",\"styleMap\":{\"width\":117},\"type\":\"DATE\",\"var\":\"最終日\"}],\"id\":null,\"isSubTable\":false,\"type\":\"ROW\",\"var\":null},{\"controlList\":[{\"isVirtical\":true,\"label\":\"予想収穫量\",\"styleMap\":{\"width\":193},\"type\":\"DECIMAL\",\"var\":\"予想収穫量\"},{\"isVirtical\":true,\"label\":\"単位\",\"styleMap\":{\"width\":118},\"type\":\"SINGLE_LINE_TEXT\",\"var\":\"単位\"}],\"id\":null,\"isSubTable\":false,\"type\":\"ROW\",\"var\":null}]","revision":null},"iconMeta":{"internalName":null,"mime":"image/png","name":"plant.png"},"info":{"automaticallyChooseTitleComponent":"true","code":null,"decimalPrecision":"16","decimalScale":"4","description":"\u003Cdiv\u003E\u003Cbr /\u003E\u003C/div\u003E","enableBulkDeletion":"false","enableRecordReuse":"true","fiscalYearStartMonth":"4","iconKey":"436094","iconType":"BLOB","jsFiles":null,"jsScope":"ALL","name":"作付管理","roundingMode":"HALF_EVEN","theme":"PLAIN","titleComponentLocalId":null,"useComment":"true","useHistory":"true","useInlineEditAndDelete":"true","useThumbnail":"true"},"jsFiles":[],"notification":{"appNotifications":[{"events":["RECORD_COMMENT_ADDED"],"target":{"entityId":"8401764","entityType":"FIELD_ENTITY","includeSubs":"false"}},{"events":["RECORD_COMMENT_ADDED"],"target":{"entityId":"8401765","entityType":"FIELD_ENTITY","includeSubs":"false"}}],"recordNotifications":[],"reminderTimezone":null,"reminders":[],"useComment":"true","useReminder":"false"},"plugins":[{"enabled":"true","id":"mlejgiphgolcmmlngilpciapimhkmilh"},{"enabled":"true","id":"jjolfbjiophiocnpjgmpjncfckcccogf"}],"reports":[],"resource":{"tables":[{"rows":[{"fields":[],"objectId":"0","subObjectId":"-1"}],"type":"AppName"},{"rows":[{"fields":[],"objectId":"0","subObjectId":"-1"}],"type":"AppDescription"},{"rows":[{"fields":[],"objectId":"8401763","subObjectId":"-1"},{"fields":[],"objectId":"8401764","subObjectId":"-1"},{"fields":[],"objectId":"8401765","subObjectId":"-1"},{"fields":[],"objectId":"8401766","subObjectId":"-1"},{"fields":[],"objectId":"8401767","subObjectId":"-1"},{"fields":[],"objectId":"8401768","subObjectId":"-1"},{"fields":[],"objectId":"8401769","subObjectId":"-1"},{"fields":[],"objectId":"8401770","subObjectId":"-1"},{"fields":[],"objectId":"8401771","subObjectId":"-1"},{"fields":[],"objectId":"8401772","subObjectId":"-1"},{"fields":[],"objectId":"8401774","subObjectId":"-1"},{"fields":[],"objectId":"8401775","subObjectId":"-1"},{"fields":[],"objectId":"8401776","subObjectId":"-1"},{"fields":[],"objectId":"8401777","subObjectId":"-1"},{"fields":[],"objectId":"8402127","subObjectId":"-1"},{"fields":[],"objectId":"8404633","subObjectId":"-1"},{"fields":[],"objectId":"8404631","subObjectId":"-1"},{"fields":[],"objectId":"8404664","subObjectId":"-1"},{"fields":[],"objectId":"8404665","subObjectId":"-1"}],"type":"FieldLabel"},{"rows":[{"fields":[],"objectId":"20","subObjectId":"-1"}],"type":"ViewName"},{"rows":[],"type":"CategoryName"}]},"schema":{"groups":[],"revision":null,"subTable":{"8404633":{"fieldList":{"8404631":{"id":"8404631","label":"圃場","properties":{"defaultValue":"","expression":"","hideExpression":"false","max":null,"min":null,"noLabel":"false","required":"false","unique":"false"},"type":"SINGLE_LINE_TEXT","var":"圃場"}},"id":"8404633","label":"詳細","properties":{"noLabel":"false"},"var":"詳細"}},"table":{"fieldList":{"8401763":{"id":"8401763","label":"Record number","properties":{"noLabel":"false","required":"true"},"type":"RECORD_ID","var":"Record_number"},"8401764":{"id":"8401764","label":"Updated by","properties":{"noLabel":"false","required":"true"},"type":"MODIFIER","var":"Updated_by"},"8401765":{"id":"8401765","label":"Created by","properties":{"noLabel":"false","required":"true"},"type":"CREATOR","var":"Created_by"},"8401766":{"id":"8401766","label":"Updated datetime","properties":{"noLabel":"false","required":"true"},"type":"MODIFIED_AT","var":"Updated_datetime"},"8401767":{"id":"8401767","label":"Created datetime","properties":{"noLabel":"false","required":"true"},"type":"CREATED_AT","var":"Created_datetime"},"8401768":{"id":"8401768","label":"Status","properties":{"noLabel":"false","required":"false"},"type":"STATUS","var":"Status"},"8401769":{"id":"8401769","label":"Assignee","properties":{"noLabel":"false","required":"false"},"type":"STATUS_ASSIGNEE","var":"Assignee"},"8401770":{"id":"8401770","label":"Categories","properties":{"noLabel":"false","required":"false"},"type":"CATEGORY","var":"Categories"},"8401771":{"id":"8401771","label":"作付名","properties":{"defaultValue":"","expression":"","hideExpression":"false","max":"64","min":null,"noLabel":"false","required":"true","unique":"true"},"type":"SINGLE_LINE_TEXT","var":"作付名"},"8401772":{"id":"8401772","label":"品種","properties":{"defaultValue":"","expression":"","hideExpression":"false","max":null,"min":null,"noLabel":"false","required":"false","unique":"false"},"type":"SINGLE_LINE_TEXT","var":"品種"},"8401774":{"id":"8401774","label":"備考","properties":{"defaultValue":"","noLabel":"false","required":"false"},"type":"MULTIPLE_LINE_TEXT","var":"備考"},"8401775":{"id":"8401775","label":"最初日","properties":{"defaultExpression":"NOW","defaultValue":null,"noLabel":"false","required":"false","unique":"false"},"type":"DATE","var":"最初日"},"8401776":{"id":"8401776","label":"最終日","properties":{"defaultExpression":"NOW","defaultValue":null,"noLabel":"false","required":"false","unique":"false"},"type":"DATE","var":"最終日"},"8401777":{"id":"8401777","label":"予想収穫量","properties":{"defaultValue":null,"digit":"true","displayScale":null,"max":null,"min":null,"noLabel":"false","required":"false","roundingMode":null,"scale":null,"unique":"false","unit":"","unitPosition":"BEFORE"},"type":"DECIMAL","var":"予想収穫量"},"8402127":{"id":"8402127","label":"単位","properties":{"defaultValue":"","expression":"","hideExpression":"false","max":null,"min":null,"noLabel":"false","required":"false","unique":"false"},"type":"SINGLE_LINE_TEXT","var":"単位"},"8404664":{"id":"8404664","label":"SharePointID","properties":{"defaultValue":null,"digit":"false","displayScale":null,"max":null,"min":null,"noLabel":"false","required":"false","roundingMode":null,"scale":null,"unique":"true","unit":"","unitPosition":"BEFORE"},"type":"DECIMAL","var":"SharePointID"},"8404665":{"id":"8404665","label":"SharePointLastModified","properties":{"defaultValue":"","expression":"","hideExpression":"false","max":null,"min":null,"noLabel":"false","required":"false","unique":"false"},"type":"SINGLE_LINE_TEXT","var":"SharePointLastModified"}},"id":"1","label":"__ROOT__","properties":null,"var":"__ROOT__"}},"settingsNotesForm":{"content":null,"willBeInherited":null},"status":{"actions":[],"filters":[],"initialStateId":null,"states":[],"useStatus":"false"},"uuid":"f29662f0-a8a2-467d-ba89-20a1af551213","views":[{"advancedMode":null,"builtinType":"ALL","device":null,"fields":[{"row":[{"columnWidth":null,"id":"8401763"},{"columnWidth":null,"id":"8401771"},{"columnWidth":null,"id":"8401772"},{"columnWidth":null,"id":"8401774"},{"columnWidth":null,"id":"8401775"},{"columnWidth":null,"id":"8401776"},{"columnWidth":null,"id":"8401777"},{"columnWidth":null,"id":"8402127"},{"columnWidth":null,"id":"8404664"},{"columnWidth":null,"id":"8404665"}]}],"filter":{"category":null,"offset":null,"order":[],"q":null,"size":null,"sort":[]},"html":null,"keyFieldId":null,"name":"(All records)","pager":null,"revision":null,"titleFieldId":null,"view":"20","viewType":"LIST"}]},{"acl":{"app":[],"field":[],"record":[]},"app":null,"category":{"categories":[],"useCategory":"false"},"form":{"layout":"[{\"id\":null,\"type\":\"ROW\",\"isSubTable\":false,\"var\":null,\"label\":null,\"controlList\":[{\"isVirtical\":true,\"styleMap\":{\"width\":193},\"type\":\"SINGLE_LINE_TEXT\",\"var\":\"品種名\",\"label\":\"品種名\"},{\"isVirtical\":true,\"styleMap\":{\"width\":193},\"type\":\"SINGLE_LINE_TEXT\",\"var\":\"単位\",\"label\":\"単位\"}]}]","revision":null},"iconMeta":{"internalName":null,"mime":"image/png","name":"master_icon.png"},"info":{"automaticallyChooseTitleComponent":"true","code":null,"decimalPrecision":"16","decimalScale":"4","description":"\u003Cdiv\u003E\u003Cb\u003E説明\u003C/b\u003E\u003Cdiv\u003E\u003Cspan style=\"color:rgb( 36 , 36 , 36 );font-family:&#39;yu gothic&#39; , &#39;meiryo ui&#39; , &#39;ms ui gothic&#39; , &#39;ms pgothic&#39; , , &#39;ms gothic&#39; , , &#39;calibri&#39; , sans-serif , &#39;mongolian baiti&#39; , &#39;microsoft yi baiti&#39; , &#39;javanese text&#39;;font-size:14.6667px\"\u003E複数の品種を区別して、品種ごとにを記録\u003C/span\u003E\u003Cbr /\u003E\u003C/div\u003E\u003Cdiv\u003E\u003Cspan style=\"color:rgb( 36 , 36 , 36 );font-family:&#39;yu gothic&#39; , &#39;meiryo ui&#39; , &#39;ms ui gothic&#39; , &#39;ms pgothic&#39; , , &#39;ms gothic&#39; , , &#39;calibri&#39; , sans-serif , &#39;mongolian baiti&#39; , &#39;microsoft yi baiti&#39; , &#39;javanese text&#39;;font-size:14.6667px\"\u003E機能&#xff1b;\u003C/span\u003E\u003Cspan style=\"color:rgb( 36 , 36 , 36 );font-family:&#39;yu gothic&#39; , &#39;meiryo ui&#39; , &#39;ms ui gothic&#39; , &#39;ms pgothic&#39; , , &#39;ms gothic&#39; , , &#39;calibri&#39; , sans-serif , &#39;mongolian baiti&#39; , &#39;microsoft yi baiti&#39; , &#39;javanese text&#39;;font-size:14.6667px\"\u003E新しい品種を登録する・\u003C/span\u003E\u003Cspan style=\"color:rgb( 36 , 36 , 36 );font-family:&#39;yu gothic&#39; , &#39;meiryo ui&#39; , &#39;ms ui gothic&#39; , &#39;ms pgothic&#39; , , &#39;ms gothic&#39; , , &#39;calibri&#39; , sans-serif , &#39;mongolian baiti&#39; , &#39;microsoft yi baiti&#39; , &#39;javanese text&#39;;font-size:14.6667px\"\u003E存在している品種の情報を修正する・\u003C/span\u003E\u003Cspan style=\"color:rgb( 36 , 36 , 36 );font-family:&#39;yu gothic&#39; , &#39;meiryo ui&#39; , &#39;ms ui gothic&#39; , &#39;ms pgothic&#39; , , &#39;ms gothic&#39; , , &#39;calibri&#39; , sans-serif , &#39;mongolian baiti&#39; , &#39;microsoft yi baiti&#39; , &#39;javanese text&#39;;font-size:14.6667px\"\u003E品種情報を削除する。\u003C/span\u003E\u003C/div\u003E\u003C/div\u003E","enableBulkDeletion":"false","enableRecordReuse":"true","fiscalYearStartMonth":"4","iconKey":"436096","iconType":"BLOB","jsFiles":null,"jsScope":"ALL","name":"品種マスター管理","roundingMode":"HALF_EVEN","theme":"PLAIN","titleComponentLocalId":null,"useComment":"true","useHistory":"true","useInlineEditAndDelete":"true","useThumbnail":"true"},"jsFiles":[],"notification":{"appNotifications":[{"events":["RECORD_COMMENT_ADDED"],"target":{"entityId":"8401543","entityType":"FIELD_ENTITY","includeSubs":"false"}},{"events":["RECORD_COMMENT_ADDED"],"target":{"entityId":"8401544","entityType":"FIELD_ENTITY","includeSubs":"false"}}],"recordNotifications":[],"reminderTimezone":null,"reminders":[],"useComment":"true","useReminder":"false"},"plugins":[{"enabled":"true","id":"mlejgiphgolcmmlngilpciapimhkmilh"}],"reports":[],"resource":{"tables":[{"rows":[{"fields":[{"language":"zh","value":""},{"language":"en","value":""},{"language":"ja","value":""}],"objectId":"0","subObjectId":"-1"}],"type":"AppName"},{"rows":[{"fields":[{"language":"zh","value":""},{"language":"en","value":"\u003Cdiv\u003E\u003Cb\u003E説明\u003C/b\u003E\u003Cdiv\u003E\u003Cspan style=\"color:rgb( 36 , 36 , 36 );font-family:&#39;yu gothic&#39; , &#39;meiryo ui&#39; , &#39;ms ui gothic&#39; , &#39;ms pgothic&#39; , , &#39;ms gothic&#39; , , &#39;calibri&#39; , sans-serif , &#39;mongolian baiti&#39; , &#39;microsoft yi baiti&#39; , &#39;javanese text&#39;;font-size:14.6667px\"\u003E複数の品種を区別して、品種ごとにを記録\u003C/span\u003E\u003Cbr /\u003E\u003C/div\u003E\u003Cdiv\u003E\u003Cspan style=\"color:rgb( 36 , 36 , 36 );font-family:&#39;yu gothic&#39; , &#39;meiryo ui&#39; , &#39;ms ui gothic&#39; , &#39;ms pgothic&#39; , , &#39;ms gothic&#39; , , &#39;calibri&#39; , sans-serif , &#39;mongolian baiti&#39; , &#39;microsoft yi baiti&#39; , &#39;javanese text&#39;;font-size:14.6667px\"\u003E機能&#xff1b;\u003C/span\u003E\u003Cspan style=\"color:rgb( 36 , 36 , 36 );font-family:&#39;yu gothic&#39; , &#39;meiryo ui&#39; , &#39;ms ui gothic&#39; , &#39;ms pgothic&#39; , , &#39;ms gothic&#39; , , &#39;calibri&#39; , sans-serif , &#39;mongolian baiti&#39; , &#39;microsoft yi baiti&#39; , &#39;javanese text&#39;;font-size:14.6667px\"\u003E新しい品種を登録する・\u003C/span\u003E\u003Cspan style=\"color:rgb( 36 , 36 , 36 );font-family:&#39;yu gothic&#39; , &#39;meiryo ui&#39; , &#39;ms ui gothic&#39; , &#39;ms pgothic&#39; , , &#39;ms gothic&#39; , , &#39;calibri&#39; , sans-serif , &#39;mongolian baiti&#39; , &#39;microsoft yi baiti&#39; , &#39;javanese text&#39;;font-size:14.6667px\"\u003E存在している品種の情報を修正する・\u003C/span\u003E\u003Cspan style=\"color:rgb( 36 , 36 , 36 );font-family:&#39;yu gothic&#39; , &#39;meiryo ui&#39; , &#39;ms ui gothic&#39; , &#39;ms pgothic&#39; , , &#39;ms gothic&#39; , , &#39;calibri&#39; , sans-serif , &#39;mongolian baiti&#39; , &#39;microsoft yi baiti&#39; , &#39;javanese text&#39;;font-size:14.6667px\"\u003E品種情報を削除する。\u003C/span\u003E\u003C/div\u003E\u003C/div\u003E"},{"language":"ja","value":"\u003Cdiv\u003E\u003Cb\u003E説明\u003C/b\u003E\u003Cdiv\u003E\u003Cspan style=\"color:rgb( 36 , 36 , 36 );font-family:&#39;yu gothic&#39; , &#39;meiryo ui&#39; , &#39;ms ui gothic&#39; , &#39;ms pgothic&#39; , , &#39;ms gothic&#39; , , &#39;calibri&#39; , sans-serif , &#39;mongolian baiti&#39; , &#39;microsoft yi baiti&#39; , &#39;javanese text&#39;;font-size:14.6667px\"\u003E複数の品種を区別して、品種ごとにを記録\u003C/span\u003E\u003Cbr /\u003E\u003C/div\u003E\u003Cdiv\u003E\u003Cspan style=\"color:rgb( 36 , 36 , 36 );font-family:&#39;yu gothic&#39; , &#39;meiryo ui&#39; , &#39;ms ui gothic&#39; , &#39;ms pgothic&#39; , , &#39;ms gothic&#39; , , &#39;calibri&#39; , sans-serif , &#39;mongolian baiti&#39; , &#39;microsoft yi baiti&#39; , &#39;javanese text&#39;;font-size:14.6667px\"\u003E機能&#xff1b;\u003C/span\u003E\u003Cspan style=\"color:rgb( 36 , 36 , 36 );font-family:&#39;yu gothic&#39; , &#39;meiryo ui&#39; , &#39;ms ui gothic&#39; , &#39;ms pgothic&#39; , , &#39;ms gothic&#39; , , &#39;calibri&#39; , sans-serif , &#39;mongolian baiti&#39; , &#39;microsoft yi baiti&#39; , &#39;javanese text&#39;;font-size:14.6667px\"\u003E新しい品種を登録する・\u003C/span\u003E\u003Cspan style=\"color:rgb( 36 , 36 , 36 );font-family:&#39;yu gothic&#39; , &#39;meiryo ui&#39; , &#39;ms ui gothic&#39; , &#39;ms pgothic&#39; , , &#39;ms gothic&#39; , , &#39;calibri&#39; , sans-serif , &#39;mongolian baiti&#39; , &#39;microsoft yi baiti&#39; , &#39;javanese text&#39;;font-size:14.6667px\"\u003E存在している品種の情報を修正する・\u003C/span\u003E\u003Cspan style=\"color:rgb( 36 , 36 , 36 );font-family:&#39;yu gothic&#39; , &#39;meiryo ui&#39; , &#39;ms ui gothic&#39; , &#39;ms pgothic&#39; , , &#39;ms gothic&#39; , , &#39;calibri&#39; , sans-serif , &#39;mongolian baiti&#39; , &#39;microsoft yi baiti&#39; , &#39;javanese text&#39;;font-size:14.6667px\"\u003E品種情報を削除する。\u003C/span\u003E\u003C/div\u003E\u003C/div\u003E"}],"objectId":"0","subObjectId":"-1"}],"type":"AppDescription"},{"rows":[{"fields":[{"language":"zh","value":""},{"language":"en","value":""},{"language":"ja","value":""}],"objectId":"8401542","subObjectId":"-1"},{"fields":[{"language":"zh","value":""},{"language":"en","value":""},{"language":"ja","value":""}],"objectId":"8401543","subObjectId":"-1"},{"fields":[{"language":"zh","value":""},{"language":"en","value":""},{"language":"ja","value":""}],"objectId":"8401544","subObjectId":"-1"},{"fields":[{"language":"zh","value":""},{"language":"en","value":""},{"language":"ja","value":""}],"objectId":"8401545","subObjectId":"-1"},{"fields":[{"language":"zh","value":""},{"language":"en","value":""},{"language":"ja","value":""}],"objectId":"8401546","subObjectId":"-1"},{"fields":[{"language":"zh","value":""},{"language":"en","value":""},{"language":"ja","value":""}],"objectId":"8401547","subObjectId":"-1"},{"fields":[{"language":"zh","value":""},{"language":"en","value":""},{"language":"ja","value":""}],"objectId":"8401548","subObjectId":"-1"},{"fields":[{"language":"zh","value":""},{"language":"en","value":""},{"language":"ja","value":""}],"objectId":"8401549","subObjectId":"-1"},{"fields":[{"language":"zh","value":""},{"language":"en","value":""},{"language":"ja","value":""}],"objectId":"8401550","subObjectId":"-1"},{"fields":[{"language":"zh","value":""},{"language":"en","value":""},{"language":"ja","value":""}],"objectId":"8402128","subObjectId":"-1"}],"type":"FieldLabel"},{"rows":[{"fields":[{"language":"zh","value":""},{"language":"en","value":""},{"language":"ja","value":""}],"objectId":"20","subObjectId":"-1"}],"type":"ViewName"},{"rows":[],"type":"CategoryName"}]},"schema":{"groups":[],"revision":null,"subTable":{},"table":{"fieldList":{"8401542":{"id":"8401542","label":"Record number","properties":{"noLabel":"false","required":"true"},"type":"RECORD_ID","var":"Record_number"},"8401543":{"id":"8401543","label":"Updated by","properties":{"noLabel":"false","required":"true"},"type":"MODIFIER","var":"Updated_by"},"8401544":{"id":"8401544","label":"Created by","properties":{"noLabel":"false","required":"true"},"type":"CREATOR","var":"Created_by"},"8401545":{"id":"8401545","label":"Updated datetime","properties":{"noLabel":"false","required":"true"},"type":"MODIFIED_AT","var":"Updated_datetime"},"8401546":{"id":"8401546","label":"Created datetime","properties":{"noLabel":"false","required":"true"},"type":"CREATED_AT","var":"Created_datetime"},"8401547":{"id":"8401547","label":"Status","properties":{"noLabel":"false","required":"false"},"type":"STATUS","var":"Status"},"8401548":{"id":"8401548","label":"Assignee","properties":{"noLabel":"false","required":"false"},"type":"STATUS_ASSIGNEE","var":"Assignee"},"8401549":{"id":"8401549","label":"Categories","properties":{"noLabel":"false","required":"false"},"type":"CATEGORY","var":"Categories"},"8401550":{"id":"8401550","label":"品種名","properties":{"defaultValue":"","expression":"","hideExpression":"false","max":"64","min":null,"noLabel":"false","required":"true","unique":"true"},"type":"SINGLE_LINE_TEXT","var":"品種名"},"8402128":{"id":"8402128","label":"単位","properties":{"defaultValue":"","expression":"","hideExpression":"false","max":null,"min":null,"noLabel":"false","required":"false","unique":"false"},"type":"SINGLE_LINE_TEXT","var":"単位"}},"id":"1","label":"__ROOT__","properties":null,"var":"__ROOT__"}},"settingsNotesForm":{"content":null,"willBeInherited":null},"status":{"actions":[],"filters":[],"initialStateId":null,"states":[],"useStatus":"false"},"uuid":"59572a4a-a8ca-4aeb-aef5-1f995bfefa9c","views":[{"advancedMode":null,"builtinType":"ALL","device":null,"fields":[{"row":[{"columnWidth":null,"id":"8401542"},{"columnWidth":null,"id":"8401550"},{"columnWidth":null,"id":"8402128"}]}],"filter":{"category":null,"offset":null,"order":[],"q":null,"size":null,"sort":[]},"html":null,"keyFieldId":null,"name":"(All records)","pager":null,"revision":null,"titleFieldId":null,"view":"20","viewType":"LIST"}]},{"acl":{"app":[],"field":[],"record":[]},"app":null,"category":{"categories":[],"useCategory":"false"},"form":{"layout":"[{\"id\":null,\"type\":\"ROW\",\"isSubTable\":false,\"var\":null,\"label\":null,\"controlList\":[{\"isVirtical\":true,\"styleMap\":{\"width\":120},\"type\":\"RECORD_ID\",\"var\":\"圃場ID\",\"label\":\"圃場ID\"},{\"isVirtical\":true,\"styleMap\":{\"width\":193},\"type\":\"DECIMAL\",\"var\":\"SharePointID\",\"label\":\"SharePointID\"},{\"isVirtical\":true,\"styleMap\":{\"width\":193},\"type\":\"SINGLE_LINE_TEXT\",\"var\":\"SharePointLastModified\",\"label\":\"SharePointLastModified\"}]},{\"id\":null,\"type\":\"ROW\",\"isSubTable\":false,\"var\":null,\"label\":null,\"controlList\":[{\"isVirtical\":true,\"styleMap\":{\"width\":193},\"type\":\"SINGLE_LINE_TEXT\",\"var\":\"圃場名\",\"label\":\"圃場名\"}]},{\"id\":\"8401569\",\"type\":\"SUBTABLE\",\"isSubTable\":true,\"var\":\"詳細\",\"label\":\"詳細\",\"controlList\":[{\"isVirtical\":true,\"styleMap\":{\"width\":193},\"type\":\"SINGLE_LINE_TEXT\",\"var\":\"区画名\",\"label\":\"区画名\"},{\"isVirtical\":true,\"styleMap\":{\"width\":193},\"type\":\"DECIMAL\",\"var\":\"列数\",\"label\":\"列数\"},{\"isVirtical\":true,\"styleMap\":{\"width\":193},\"type\":\"DECIMAL\",\"var\":\"株数\",\"label\":\"株数\"},{\"isVirtical\":true,\"styleMap\":{\"width\":193},\"type\":\"DECIMAL\",\"var\":\"列の長さ\",\"label\":\"列の長さ(m)\"},{\"isVirtical\":true,\"styleMap\":{\"width\":315,\"height\":185,\"innerHeight\":125},\"type\":\"MULTIPLE_LINE_TEXT\",\"var\":\"列名一覧\",\"label\":\"列名一覧\"}]}]","revision":null},"iconMeta":{"internalName":null,"mime":"image/png","name":"master_icon.png"},"info":{"automaticallyChooseTitleComponent":"true","code":null,"decimalPrecision":"16","decimalScale":"4","description":"\u003Cdiv\u003E\u003Cbr /\u003E\u003C/div\u003E","enableBulkDeletion":"false","enableRecordReuse":"true","fiscalYearStartMonth":"4","iconKey":"436098","iconType":"BLOB","jsFiles":null,"jsScope":"ALL","name":"圃場マスター管理","roundingMode":"HALF_EVEN","theme":"PLAIN","titleComponentLocalId":null,"useComment":"true","useHistory":"true","useInlineEditAndDelete":"true","useThumbnail":"true"},"jsFiles":[{"jsFileMetas":[{"internalName":null,"locationType":"BLOB","mime":"text/javascript","name":"jquery.min.js","url":null},{"internalName":null,"locationType":"BLOB","mime":"text/javascript","name":"main.js","url":null}],"jsType":"DESKTOP"},{"jsFileMetas":[{"internalName":null,"locationType":"BLOB","mime":"text/javascript","name":"jquery.min.js","url":null},{"internalName":null,"locationType":"BLOB","mime":"text/javascript","name":"main.js","url":null}],"jsType":"MOBILE"}],"notification":{"appNotifications":[{"events":["RECORD_COMMENT_ADDED"],"target":{"entityId":"8401555","entityType":"FIELD_ENTITY","includeSubs":"false"}},{"events":["RECORD_COMMENT_ADDED"],"target":{"entityId":"8401556","entityType":"FIELD_ENTITY","includeSubs":"false"}}],"recordNotifications":[],"reminderTimezone":null,"reminders":[],"useComment":"true","useReminder":"false"},"plugins":[{"enabled":"true","id":"mlejgiphgolcmmlngilpciapimhkmilh"},{"enabled":"true","id":"jjolfbjiophiocnpjgmpjncfckcccogf"},{"enabled":"true","id":"dhgjkaammojmbkecclgbpenbpnejohfc"}],"reports":[],"resource":{"tables":[{"rows":[{"fields":[],"objectId":"0","subObjectId":"-1"}],"type":"AppName"},{"rows":[{"fields":[],"objectId":"0","subObjectId":"-1"}],"type":"AppDescription"},{"rows":[{"fields":[],"objectId":"8401554","subObjectId":"-1"},{"fields":[],"objectId":"8401555","subObjectId":"-1"},{"fields":[],"objectId":"8401556","subObjectId":"-1"},{"fields":[],"objectId":"8401557","subObjectId":"-1"},{"fields":[],"objectId":"8401558","subObjectId":"-1"},{"fields":[],"objectId":"8401559","subObjectId":"-1"},{"fields":[],"objectId":"8401560","subObjectId":"-1"},{"fields":[],"objectId":"8401561","subObjectId":"-1"},{"fields":[],"objectId":"8401562","subObjectId":"-1"},{"fields":[],"objectId":"8401569","subObjectId":"-1"},{"fields":[],"objectId":"8401566","subObjectId":"-1"},{"fields":[],"objectId":"8401567","subObjectId":"-1"},{"fields":[],"objectId":"8401568","subObjectId":"-1"},{"fields":[],"objectId":"8403466","subObjectId":"-1"},{"fields":[],"objectId":"8405038","subObjectId":"-1"},{"fields":[],"objectId":"8404662","subObjectId":"-1"},{"fields":[],"objectId":"8404663","subObjectId":"-1"}],"type":"FieldLabel"},{"rows":[{"fields":[],"objectId":"8403469","subObjectId":"-1"},{"fields":[],"objectId":"20","subObjectId":"-1"}],"type":"ViewName"},{"rows":[],"type":"CategoryName"}]},"schema":{"groups":[],"revision":null,"subTable":{"8401569":{"fieldList":{"8401566":{"id":"8401566","label":"区画名","properties":{"defaultValue":"","expression":"","hideExpression":"false","max":null,"min":null,"noLabel":"false","required":"false","unique":"false"},"type":"SINGLE_LINE_TEXT","var":"区画名"},"8401567":{"id":"8401567","label":"列数","properties":{"defaultValue":null,"digit":"true","displayScale":null,"max":null,"min":"1","noLabel":"false","required":"false","roundingMode":null,"scale":null,"unique":"false","unit":"","unitPosition":"BEFORE"},"type":"DECIMAL","var":"列数"},"8401568":{"id":"8401568","label":"株数","properties":{"defaultValue":null,"digit":"true","displayScale":null,"max":null,"min":"1","noLabel":"false","required":"false","roundingMode":null,"scale":null,"unique":"false","unit":"","unitPosition":"BEFORE"},"type":"DECIMAL","var":"株数"},"8403466":{"id":"8403466","label":"列の長さ(m)","properties":{"defaultValue":null,"digit":"false","displayScale":null,"max":null,"min":null,"noLabel":"false","required":"false","roundingMode":null,"scale":null,"unique":"false","unit":"","unitPosition":"BEFORE"},"type":"DECIMAL","var":"列の長さ"},"8405038":{"id":"8405038","label":"列名一覧","properties":{"defaultValue":"","noLabel":"false","required":"false"},"type":"MULTIPLE_LINE_TEXT","var":"列名一覧"}},"id":"8401569","label":"詳細","properties":{"noLabel":"false"},"var":"詳細"}},"table":{"fieldList":{"8401554":{"id":"8401554","label":"圃場ID","properties":{"noLabel":"false","required":"true"},"type":"RECORD_ID","var":"圃場ID"},"8401555":{"id":"8401555","label":"Updated by","properties":{"noLabel":"false","required":"true"},"type":"MODIFIER","var":"Updated_by"},"8401556":{"id":"8401556","label":"Created by","properties":{"noLabel":"false","required":"true"},"type":"CREATOR","var":"Created_by"},"8401557":{"id":"8401557","label":"Updated datetime","properties":{"noLabel":"false","required":"true"},"type":"MODIFIED_AT","var":"Updated_datetime"},"8401558":{"id":"8401558","label":"Created datetime","properties":{"noLabel":"false","required":"true"},"type":"CREATED_AT","var":"Created_datetime"},"8401559":{"id":"8401559","label":"Status","properties":{"noLabel":"false","required":"false"},"type":"STATUS","var":"Status"},"8401560":{"id":"8401560","label":"Assignee","properties":{"noLabel":"false","required":"false"},"type":"STATUS_ASSIGNEE","var":"Assignee"},"8401561":{"id":"8401561","label":"Categories","properties":{"noLabel":"false","required":"false"},"type":"CATEGORY","var":"Categories"},"8401562":{"id":"8401562","label":"圃場名","properties":{"defaultValue":"","expression":"","hideExpression":"false","max":"64","min":null,"noLabel":"false","required":"true","unique":"true"},"type":"SINGLE_LINE_TEXT","var":"圃場名"},"8404662":{"id":"8404662","label":"SharePointID","properties":{"defaultValue":null,"digit":"false","displayScale":null,"max":null,"min":null,"noLabel":"false","required":"false","roundingMode":null,"scale":null,"unique":"true","unit":"","unitPosition":"BEFORE"},"type":"DECIMAL","var":"SharePointID"},"8404663":{"id":"8404663","label":"SharePointLastModified","properties":{"defaultValue":"","expression":"","hideExpression":"false","max":null,"min":null,"noLabel":"false","required":"false","unique":"false"},"type":"SINGLE_LINE_TEXT","var":"SharePointLastModified"}},"id":"1","label":"__ROOT__","properties":null,"var":"__ROOT__"}},"settingsNotesForm":{"content":null,"willBeInherited":null},"status":{"actions":[],"filters":[],"initialStateId":null,"states":[],"useStatus":"false"},"uuid":"5fb81fa9-0c3c-49d8-9d02-f7c04ebd38e4","views":[{"advancedMode":"false","builtinType":null,"device":null,"fields":[{"row":[{"columnWidth":null,"id":"8401562"},{"columnWidth":null,"id":"8404662"},{"columnWidth":null,"id":"8401569"}]}],"filter":{"category":null,"offset":null,"order":["DESC"],"q":null,"size":null,"sort":["f8401554"]},"html":null,"keyFieldId":null,"name":"Detail View","pager":null,"revision":null,"titleFieldId":null,"view":"8403469","viewType":"LIST"},{"advancedMode":null,"builtinType":"ALL","device":null,"fields":[{"row":[{"columnWidth":null,"id":"8401554"},{"columnWidth":null,"id":"8401562"},{"columnWidth":null,"id":"8404662"},{"columnWidth":null,"id":"8404663"}]}],"filter":{"category":null,"offset":null,"order":[],"q":null,"size":null,"sort":[]},"html":null,"keyFieldId":null,"name":"(All records)","pager":null,"revision":null,"titleFieldId":null,"view":"20","viewType":"LIST"}]},{"acl":{"app":[],"field":[],"record":[]},"app":null,"category":{"categories":[{"children":[{"children":[],"id":"6424670","label":"作業","valid":"true"}],"id":"6424669","label":"作業種別","valid":"true"}],"useCategory":"false"},"form":{"layout":"[{\"id\":null,\"type\":\"ROW\",\"isSubTable\":false,\"var\":null,\"label\":null,\"controlList\":[{\"isVirtical\":true,\"styleMap\":{\"width\":193},\"type\":\"DECIMAL\",\"var\":\"SharePointID\",\"label\":\"SharePointID\"},{\"isVirtical\":true,\"styleMap\":{\"width\":193},\"type\":\"SINGLE_LINE_TEXT\",\"var\":\"SharePointLastModified\",\"label\":\"SharePointLastModified\"}]},{\"id\":null,\"type\":\"ROW\",\"isSubTable\":false,\"var\":null,\"label\":null,\"controlList\":[{\"isVirtical\":true,\"styleMap\":{\"width\":193},\"type\":\"SINGLE_LINE_TEXT\",\"var\":\"作業コード\",\"label\":\"作業コード\"},{\"isVirtical\":true,\"styleMap\":{\"width\":193},\"type\":\"SINGLE_LINE_TEXT\",\"var\":\"作業名\",\"label\":\"作業名\"}]},{\"id\":null,\"type\":\"ROW\",\"isSubTable\":false,\"var\":null,\"label\":null,\"controlList\":[{\"isVirtical\":true,\"styleMap\":{\"width\":315,\"height\":162,\"innerHeight\":125},\"type\":\"MULTIPLE_LINE_TEXT\",\"var\":\"備考\",\"label\":\"備考\"}]}]","revision":null},"iconMeta":{"internalName":null,"mime":"image/png","name":"master_icon.png"},"info":{"automaticallyChooseTitleComponent":"true","code":null,"decimalPrecision":"16","decimalScale":"4","description":"\u003Cdiv\u003E\u003Cb\u003E説明\u003Cbr /\u003E\u003C/b\u003E\u003Cspan style=\"color:rgb( 36 , 36 , 36 );font-family:&#39;yu gothic&#39; , &#39;meiryo ui&#39; , &#39;ms ui gothic&#39; , &#39;ms pgothic&#39; , , &#39;ms gothic&#39; , , &#39;calibri&#39; , sans-serif , &#39;mongolian baiti&#39; , &#39;microsoft yi baiti&#39; , &#39;javanese text&#39;;font-size:14.6667px\"\u003E作業を種別に管理する\u003C/span\u003E\u003Cspan style=\"color:rgb( 36 , 36 , 36 );font-size:14.6667px\"\u003E。\u003C/span\u003E\u003Cb\u003E\u003Cbr /\u003E\u003C/b\u003E\u003Cdiv\u003E\u003Cspan style=\"color:rgb( 36 , 36 , 36 );font-size:14.6667px\"\u003E機能&#xff1b;新しい作業を登録する・\u003C/span\u003E\u003Cspan style=\"color:rgb( 36 , 36 , 36 );font-size:14.6667px\"\u003E存在している作業の情報を修正する・\u003C/span\u003E\u003Cspan style=\"color:rgb( 36 , 36 , 36 );font-size:14.6667px\"\u003E作業情報\u003C/span\u003E\u003Cspan style=\"color:rgb( 36 , 36 , 36 );font-size:14.6667px\"\u003Eを\u003C/span\u003E\u003Cspan style=\"color:rgb( 36 , 36 , 36 );font-size:14.6667px\"\u003E削除する。\u003C/span\u003E\u003Cbr /\u003E\u003C/div\u003E\u003C/div\u003E","enableBulkDeletion":"false","enableRecordReuse":"true","fiscalYearStartMonth":"4","iconKey":"436104","iconType":"BLOB","jsFiles":null,"jsScope":"ALL","name":"作業マスター管理","roundingMode":"HALF_EVEN","theme":"PLAIN","titleComponentLocalId":null,"useComment":"true","useHistory":"true","useInlineEditAndDelete":"true","useThumbnail":"true"},"jsFiles":[],"notification":{"appNotifications":[{"events":["RECORD_COMMENT_ADDED"],"target":{"entityId":"6424555","entityType":"FIELD_ENTITY","includeSubs":"false"}},{"events":["RECORD_COMMENT_ADDED"],"target":{"entityId":"6424556","entityType":"FIELD_ENTITY","includeSubs":"false"}}],"recordNotifications":[],"reminderTimezone":null,"reminders":[],"useComment":"true","useReminder":"false"},"plugins":[{"enabled":"true","id":"mlejgiphgolcmmlngilpciapimhkmilh"},{"enabled":"true","id":"jjolfbjiophiocnpjgmpjncfckcccogf"}],"reports":[],"resource":{"tables":[{"rows":[{"fields":[{"language":"zh","value":""},{"language":"en","value":""},{"language":"ja","value":""}],"objectId":"0","subObjectId":"-1"}],"type":"AppName"},{"rows":[{"fields":[{"language":"zh","value":""},{"language":"en","value":"\u003Cdiv\u003E\u003Cb\u003E説明\u003Cbr /\u003E\u003C/b\u003E\u003Cspan style=\"color:rgb( 36 , 36 , 36 );font-family:&#39;yu gothic&#39; , &#39;meiryo ui&#39; , &#39;ms ui gothic&#39; , &#39;ms pgothic&#39; , , &#39;ms gothic&#39; , , &#39;calibri&#39; , sans-serif , &#39;mongolian baiti&#39; , &#39;microsoft yi baiti&#39; , &#39;javanese text&#39;;font-size:14.6667px\"\u003E作業を種別に管理する\u003C/span\u003E\u003Cspan style=\"color:rgb( 36 , 36 , 36 );font-size:14.6667px\"\u003E。\u003C/span\u003E\u003Cb\u003E\u003Cbr /\u003E\u003C/b\u003E\u003Cdiv\u003E\u003Cspan style=\"color:rgb( 36 , 36 , 36 );font-size:14.6667px\"\u003E機能&#xff1b;新しい作業を登録する・\u003C/span\u003E\u003Cspan style=\"color:rgb( 36 , 36 , 36 );font-size:14.6667px\"\u003E存在している作業の情報を修正する・\u003C/span\u003E\u003Cspan style=\"color:rgb( 36 , 36 , 36 );font-size:14.6667px\"\u003E作業情報\u003C/span\u003E\u003Cspan style=\"color:rgb( 36 , 36 , 36 );font-size:14.6667px\"\u003Eを\u003C/span\u003E\u003Cspan style=\"color:rgb( 36 , 36 , 36 );font-size:14.6667px\"\u003E削除する。\u003C/span\u003E\u003Cbr /\u003E\u003C/div\u003E\u003C/div\u003E"},{"language":"ja","value":"\u003Cdiv\u003E\u003Cb\u003E説明\u003Cbr /\u003E\u003C/b\u003E\u003Cspan style=\"color:rgb( 36 , 36 , 36 );font-family:&#39;yu gothic&#39; , &#39;meiryo ui&#39; , &#39;ms ui gothic&#39; , &#39;ms pgothic&#39; , , &#39;ms gothic&#39; , , &#39;calibri&#39; , sans-serif , &#39;mongolian baiti&#39; , &#39;microsoft yi baiti&#39; , &#39;javanese text&#39;;font-size:14.6667px\"\u003E作業を種別に管理する\u003C/span\u003E\u003Cspan style=\"color:rgb( 36 , 36 , 36 );font-size:14.6667px\"\u003E。\u003C/span\u003E\u003Cb\u003E\u003Cbr /\u003E\u003C/b\u003E\u003Cdiv\u003E\u003Cspan style=\"color:rgb( 36 , 36 , 36 );font-size:14.6667px\"\u003E機能&#xff1b;新しい作業を登録する・\u003C/span\u003E\u003Cspan style=\"color:rgb( 36 , 36 , 36 );font-size:14.6667px\"\u003E存在している作業の情報を修正する・\u003C/span\u003E\u003Cspan style=\"color:rgb( 36 , 36 , 36 );font-size:14.6667px\"\u003E作業情報\u003C/span\u003E\u003Cspan style=\"color:rgb( 36 , 36 , 36 );font-size:14.6667px\"\u003Eを\u003C/span\u003E\u003Cspan style=\"color:rgb( 36 , 36 , 36 );font-size:14.6667px\"\u003E削除する。\u003C/span\u003E\u003Cbr /\u003E\u003C/div\u003E\u003C/div\u003E"}],"objectId":"0","subObjectId":"-1"}],"type":"AppDescription"},{"rows":[{"fields":[{"language":"zh","value":""},{"language":"en","value":""},{"language":"ja","value":""}],"objectId":"6424554","subObjectId":"-1"},{"fields":[{"language":"zh","value":""},{"language":"en","value":""},{"language":"ja","value":""}],"objectId":"6424555","subObjectId":"-1"},{"fields":[{"language":"zh","value":""},{"language":"en","value":""},{"language":"ja","value":""}],"objectId":"6424556","subObjectId":"-1"},{"fields":[{"language":"zh","value":""},{"language":"en","value":""},{"language":"ja","value":""}],"objectId":"6424557","subObjectId":"-1"},{"fields":[{"language":"zh","value":""},{"language":"en","value":""},{"language":"ja","value":""}],"objectId":"6424558","subObjectId":"-1"},{"fields":[{"language":"zh","value":""},{"language":"en","value":""},{"language":"ja","value":""}],"objectId":"6424559","subObjectId":"-1"},{"fields":[{"language":"zh","value":""},{"language":"en","value":""},{"language":"ja","value":""}],"objectId":"6424560","subObjectId":"-1"},{"fields":[{"language":"zh","value":""},{"language":"en","value":""},{"language":"ja","value":""}],"objectId":"6424561","subObjectId":"-1"},{"fields":[{"language":"zh","value":""},{"language":"en","value":""},{"language":"ja","value":""}],"objectId":"6424562","subObjectId":"-1"},{"fields":[{"language":"zh","value":""},{"language":"en","value":""},{"language":"ja","value":""}],"objectId":"6424600","subObjectId":"-1"},{"fields":[{"language":"zh","value":""},{"language":"en","value":""},{"language":"ja","value":""}],"objectId":"6424634","subObjectId":"-1"},{"fields":[],"objectId":"8404666","subObjectId":"-1"},{"fields":[],"objectId":"8404667","subObjectId":"-1"}],"type":"FieldLabel"},{"rows":[{"fields":[{"language":"zh","value":""},{"language":"en","value":""},{"language":"ja","value":""}],"objectId":"20","subObjectId":"-1"}],"type":"ViewName"},{"rows":[{"fields":[{"language":"zh","value":""},{"language":"en","value":""},{"language":"ja","value":""}],"objectId":"6424669","subObjectId":"-1"},{"fields":[{"language":"zh","value":""},{"language":"en","value":""},{"language":"ja","value":""}],"objectId":"6424670","subObjectId":"-1"}],"type":"CategoryName"}]},"schema":{"groups":[],"revision":null,"subTable":{},"table":{"fieldList":{"6424554":{"id":"6424554","label":"ID","properties":{"noLabel":"false","required":"true"},"type":"RECORD_ID","var":"ID"},"6424555":{"id":"6424555","label":"Updated by","properties":{"noLabel":"false","required":"true"},"type":"MODIFIER","var":"Updated_by"},"6424556":{"id":"6424556","label":"Created by","properties":{"noLabel":"false","required":"true"},"type":"CREATOR","var":"Created_by"},"6424557":{"id":"6424557","label":"Updated datetime","properties":{"noLabel":"false","required":"true"},"type":"MODIFIED_AT","var":"Updated_datetime"},"6424558":{"id":"6424558","label":"Created datetime","properties":{"noLabel":"false","required":"true"},"type":"CREATED_AT","var":"Created_datetime"},"6424559":{"id":"6424559","label":"Status","properties":{"noLabel":"false","required":"false"},"type":"STATUS","var":"Status"},"6424560":{"id":"6424560","label":"Assignee","properties":{"noLabel":"false","required":"false"},"type":"STATUS_ASSIGNEE","var":"Assignee"},"6424561":{"id":"6424561","label":"Categories","properties":{"noLabel":"false","required":"false"},"type":"CATEGORY","var":"Categories"},"6424562":{"id":"6424562","label":"作業名","properties":{"defaultValue":"","expression":"","hideExpression":"false","max":null,"min":null,"noLabel":"false","required":"true","unique":"false"},"type":"SINGLE_LINE_TEXT","var":"作業名"},"6424600":{"id":"6424600","label":"備考","properties":{"defaultValue":"","noLabel":"false","required":"false"},"type":"MULTIPLE_LINE_TEXT","var":"備考"},"6424634":{"id":"6424634","label":"作業コード","properties":{"defaultValue":"","expression":"","hideExpression":"false","max":"64","min":null,"noLabel":"false","required":"true","unique":"true"},"type":"SINGLE_LINE_TEXT","var":"作業コード"},"8404666":{"id":"8404666","label":"SharePointID","properties":{"defaultValue":null,"digit":"false","displayScale":null,"max":null,"min":null,"noLabel":"false","required":"false","roundingMode":null,"scale":null,"unique":"true","unit":"","unitPosition":"BEFORE"},"type":"DECIMAL","var":"SharePointID"},"8404667":{"id":"8404667","label":"SharePointLastModified","properties":{"defaultValue":"","expression":"","hideExpression":"false","max":null,"min":null,"noLabel":"false","required":"false","unique":"false"},"type":"SINGLE_LINE_TEXT","var":"SharePointLastModified"}},"id":"1","label":"__ROOT__","properties":null,"var":"__ROOT__"}},"settingsNotesForm":{"content":null,"willBeInherited":null},"status":{"actions":[],"filters":[],"initialStateId":null,"states":[],"useStatus":"false"},"uuid":"d172a1f5-c8ef-492f-a4f3-cdb4d2f61ec1","views":[{"advancedMode":null,"builtinType":"ALL","device":null,"fields":[{"row":[{"columnWidth":null,"id":"6424554"},{"columnWidth":null,"id":"6424562"},{"columnWidth":null,"id":"6424600"},{"columnWidth":null,"id":"6424634"},{"columnWidth":null,"id":"8404666"},{"columnWidth":null,"id":"8404667"}]}],"filter":{"category":null,"offset":null,"order":[],"q":null,"size":null,"sort":[]},"html":null,"keyFieldId":null,"name":"(All records)","pager":null,"revision":null,"titleFieldId":null,"view":"20","viewType":"LIST"}]},{"acl":{"app":[],"field":[],"record":[]},"app":null,"category":{"categories":[{"children":[{"children":[],"id":"6424672","label":"作業","valid":"true"}],"id":"6424671","label":"担当者","valid":"true"},{"children":[{"children":[],"id":"6424674","label":"担当者","valid":"true"}],"id":"6424673","label":"作業","valid":"true"}],"useCategory":"false"},"form":{"layout":"[{\"controlList\":[{\"isVirtical\":true,\"label\":\"SharePointID\",\"styleMap\":{\"width\":193},\"type\":\"DECIMAL\",\"var\":\"SharePointID\"},{\"isVirtical\":true,\"label\":\"SharePointLastModified\",\"styleMap\":{\"width\":193},\"type\":\"SINGLE_LINE_TEXT\",\"var\":\"SharePointLastModified\"}],\"id\":null,\"isSubTable\":false,\"type\":\"ROW\",\"var\":null},{\"controlList\":[{\"isVirtical\":true,\"label\":\"計画ID\",\"styleMap\":{\"width\":246},\"type\":\"RECORD_ID\",\"var\":\"計画ID\"},{\"isVirtical\":true,\"label\":\"作成者\",\"styleMap\":{\"width\":244},\"type\":\"CREATOR\",\"var\":\"作成者\"},{\"isVirtical\":true,\"label\":\"更新者\",\"styleMap\":{\"width\":215},\"type\":\"MODIFIER\",\"var\":\"更新者\"},{\"isVirtical\":true,\"label\":\"作成日時\",\"styleMap\":{\"width\":261},\"type\":\"CREATED_AT\",\"var\":\"作成日時\"},{\"isVirtical\":true,\"label\":\"更新日時\",\"styleMap\":{\"width\":196},\"type\":\"MODIFIED_AT\",\"var\":\"更新日時\"}],\"id\":null,\"isSubTable\":false,\"type\":\"ROW\",\"var\":null},{\"controlList\":[{\"label\":\"\\u003Cdiv\\u003E\\u003Cb\\u003E基本情報\\u003C/b\\u003E\\u003C/div\\u003E\",\"styleMap\":{\"width\":88},\"type\":\"LABEL\",\"formatted\":\"\\u003Cdiv\\u003E\\u003Cb\\u003E基本情報\\u003C/b\\u003E\\u003C/div\\u003E\"},{\"styleMap\":{\"width\":967},\"type\":\"HR\"}],\"id\":null,\"isSubTable\":false,\"type\":\"ROW\",\"var\":null},{\"controlList\":[{\"isVirtical\":true,\"label\":\"メールアドレス\",\"styleMap\":{\"width\":246},\"type\":\"SINGLE_LINE_TEXT\",\"var\":\"メールアドレス\"},{\"isVirtical\":true,\"label\":\"社員コード\",\"styleMap\":{\"width\":193},\"type\":\"SINGLE_LINE_TEXT\",\"var\":\"社員コード\"},{\"isVirtical\":true,\"label\":\"作業者名\",\"styleMap\":{\"width\":193},\"type\":\"SINGLE_LINE_TEXT\",\"var\":\"作業者名\"},{\"isVirtical\":true,\"label\":\"スマホアプリの利用設定\",\"styleMap\":{\"width\":193},\"type\":\"SINGLE_LINE_TEXT\",\"var\":\"スマホアプリの利用設定\"},{\"isVirtical\":true,\"label\":\"作成者\",\"styleMap\":{\"width\":196},\"type\":\"SINGLE_SELECT\",\"var\":\"作成者区分\"}],\"id\":null,\"isSubTable\":false,\"type\":\"ROW\",\"var\":null},{\"controlList\":[{\"label\":\"\\u003Cdiv\\u003E\\u003Cb\\u003E\\u003Cfont size=\\\"2\\\"\\u003E作業情報\\u003C/font\\u003E\\u003C/b\\u003E\\u003C/div\\u003E\",\"styleMap\":{\"width\":88},\"type\":\"LABEL\",\"formatted\":\"\\u003Cdiv\\u003E\\u003Cb\\u003E\\u003Cfont size=\\\"2\\\"\\u003E作業情報\\u003C/font\\u003E\\u003C/b\\u003E\\u003C/div\\u003E\"},{\"styleMap\":{\"width\":967},\"type\":\"HR\"}],\"id\":null,\"isSubTable\":false,\"type\":\"ROW\",\"var\":null},{\"controlList\":[{\"isVirtical\":true,\"label\":\"作業ステータス\",\"styleMap\":{\"width\":218},\"type\":\"SINGLE_SELECT\",\"var\":\"作業ステータス\"}],\"id\":null,\"isSubTable\":false,\"type\":\"ROW\",\"var\":null},{\"controlList\":[{\"isVirtical\":true,\"label\":\"予定日\",\"styleMap\":{\"width\":117},\"type\":\"DATE\",\"var\":\"予定日\"},{\"isVirtical\":true,\"label\":\"開始時刻\",\"styleMap\":{\"width\":101},\"type\":\"TIME\",\"var\":\"計画_開始時刻\"},{\"isVirtical\":true,\"label\":\"終了時刻\",\"styleMap\":{\"width\":101},\"type\":\"TIME\",\"var\":\"計画_終了時刻\"},{\"isVirtical\":true,\"label\":\"グループID\",\"styleMap\":{\"width\":193},\"type\":\"SINGLE_LINE_TEXT\",\"var\":\"グループID\"},{\"elementId\":\"MAKE_RECURRING\",\"styleMap\":{\"width\":117,\"height\":66},\"type\":\"SPACER\"}],\"id\":null,\"isSubTable\":false,\"type\":\"ROW\",\"var\":null},{\"controlList\":[{\"isVirtical\":true,\"label\":\"圃場ID\",\"styleMap\":{\"width\":246},\"type\":\"DECIMAL\",\"var\":\"圃場_SharePointID\"},{\"isVirtical\":true,\"label\":\"圃場\",\"styleMap\":{\"width\":193},\"type\":\"SINGLE_LINE_TEXT\",\"var\":\"圃場\"},{\"isVirtical\":true,\"label\":\"圃場ID\",\"styleMap\":{\"width\":193},\"type\":\"DECIMAL\",\"var\":\"圃場ID\"},{\"isVirtical\":true,\"label\":\"区画\",\"styleMap\":{\"width\":193},\"type\":\"SINGLE_LINE_TEXT\",\"var\":\"区画\"},{\"isVirtical\":true,\"label\":\"列数\",\"styleMap\":{\"width\":193},\"type\":\"DECIMAL\",\"var\":\"列数\"},{\"isVirtical\":true,\"label\":\"集計単位\",\"styleMap\":{\"width\":196},\"type\":\"SINGLE_SELECT\",\"var\":\"集計単位\"}],\"id\":null,\"isSubTable\":false,\"type\":\"ROW\",\"var\":null},{\"controlList\":[{\"label\":\"\\u003Cdiv\\u003E\\u003Cfont color=\\\"#ff0000\\\"\\u003E※作付IDは任意項目ですが、選択しないと「\\u003Cspan style=\\\"font-size:13px\\\"\\u003E作付別人件費配賦」を使用できないので、\\u003C/span\\u003E\\u003C/font\\u003E\\u003Cdiv\\u003E\\u003Cspan style=\\\"font-size:13px\\\"\\u003E\\u003Cfont color=\\\"#ff0000\\\"\\u003Eご注意ください。\\u003C/font\\u003E\\u003C/span\\u003E\\u003C/div\\u003E\\u003C/div\\u003E\",\"styleMap\":{\"width\":634},\"type\":\"LABEL\",\"formatted\":\"\\u003Cdiv\\u003E\\u003Cfont color=\\\"#ff0000\\\"\\u003E※作付IDは任意項目ですが、選択しないと「\\u003Cspan style=\\\"font-size:13px\\\"\\u003E作付別人件費配賦」を使用できないので、\\u003C/span\\u003E\\u003C/font\\u003E\\u003Cdiv\\u003E\\u003Cspan style=\\\"font-size:13px\\\"\\u003E\\u003Cfont color=\\\"#ff0000\\\"\\u003Eご注意ください。\\u003C/font\\u003E\\u003C/span\\u003E\\u003C/div\\u003E\\u003C/div\\u003E\"}],\"id\":null,\"isSubTable\":false,\"type\":\"ROW\",\"var\":null},{\"controlList\":[{\"isVirtical\":true,\"label\":\"作付ID\",\"styleMap\":{\"width\":246},\"type\":\"DECIMAL\",\"var\":\"作付_SharePointID\"},{\"isVirtical\":true,\"label\":\"作付\",\"styleMap\":{\"width\":193},\"type\":\"SINGLE_LINE_TEXT\",\"var\":\"作付\"},{\"isVirtical\":true,\"label\":\"品種\",\"styleMap\":{\"width\":193},\"type\":\"SINGLE_LINE_TEXT\",\"var\":\"品種\"}],\"id\":null,\"isSubTable\":false,\"type\":\"ROW\",\"var\":null},{\"controlList\":[{\"isVirtical\":true,\"label\":\"作業ID\",\"styleMap\":{\"width\":246},\"type\":\"DECIMAL\",\"var\":\"作業_SharePointID\"},{\"isVirtical\":true,\"label\":\"作業コード\",\"styleMap\":{\"width\":193},\"type\":\"SINGLE_LINE_TEXT\",\"var\":\"作業コード\"},{\"isVirtical\":true,\"label\":\"作業名\",\"styleMap\":{\"width\":193},\"type\":\"SINGLE_LINE_TEXT\",\"var\":\"作業名\"},{\"isVirtical\":true,\"label\":\"備考\",\"styleMap\":{\"innerHeight\":125,\"width\":315},\"type\":\"MULTIPLE_LINE_TEXT\",\"var\":\"備考\"}],\"id\":null,\"isSubTable\":false,\"type\":\"ROW\",\"var\":null},{\"controlList\":[{\"label\":\"\\u003Cdiv\\u003E\\u003Cspan style=\\\"background-color:rgb( 245 , 245 , 245 )\\\"\\u003E\\u003Cb\\u003E工数情報\\u003C/b\\u003E\\u003C/span\\u003E\\u003Cbr /\\u003E\\u003C/div\\u003E\",\"styleMap\":{\"width\":88},\"type\":\"LABEL\",\"formatted\":\"\\u003Cdiv\\u003E\\u003Cspan style=\\\"background-color:rgb( 245 , 245 , 245 )\\\"\\u003E\\u003Cb\\u003E工数情報\\u003C/b\\u003E\\u003C/span\\u003E\\u003Cbr\\u003E\\u003C/div\\u003E\"},{\"styleMap\":{\"width\":967},\"type\":\"HR\"}],\"id\":null,\"isSubTable\":false,\"type\":\"ROW\",\"var\":null},{\"controlList\":[{\"isVirtical\":true,\"label\":\"実際メールアドレス\",\"styleMap\":{\"width\":246},\"type\":\"SINGLE_LINE_TEXT\",\"var\":\"実際_メールアドレス\"},{\"isVirtical\":true,\"label\":\"実際社員コード\",\"styleMap\":{\"width\":193},\"type\":\"SINGLE_LINE_TEXT\",\"var\":\"実際_社員コード\"},{\"isVirtical\":true,\"label\":\"実際作業者名\",\"styleMap\":{\"width\":193},\"type\":\"SINGLE_LINE_TEXT\",\"var\":\"実際_作業者名\"}],\"id\":null,\"isSubTable\":false,\"type\":\"ROW\",\"var\":null},{\"controlList\":[{\"isVirtical\":true,\"label\":\"作業日\",\"styleMap\":{\"width\":117},\"type\":\"DATE\",\"var\":\"作業日\"},{\"isVirtical\":true,\"label\":\"実際の開始時刻\",\"styleMap\":{\"width\":140},\"type\":\"TIME\",\"var\":\"実績_開始時刻\"},{\"isVirtical\":true,\"label\":\"実際の終了時刻\",\"styleMap\":{\"width\":134},\"type\":\"TIME\",\"var\":\"実績_終了時刻\"},{\"isVirtical\":true,\"label\":\"休憩時間合計\",\"styleMap\":{\"width\":193},\"type\":\"CALC\",\"var\":\"休憩時間合計\"},{\"isVirtical\":true,\"label\":\"作業時間\",\"styleMap\":{\"width\":237},\"type\":\"CALC\",\"var\":\"作業時間\"}],\"id\":null,\"isSubTable\":false,\"type\":\"ROW\",\"var\":null},{\"controlList\":[{\"isVirtical\":true,\"label\":\"休憩名\",\"styleMap\":{\"width\":193},\"type\":\"SINGLE_LINE_TEXT\",\"var\":\"休憩名\"},{\"isVirtical\":true,\"label\":\"休憩時間\",\"styleMap\":{\"width\":101},\"type\":\"TIME\",\"var\":\"休憩時間\"}],\"id\":\"8403627\",\"isSubTable\":true,\"type\":\"SUBTABLE\",\"var\":\"休憩履歴\"},{\"controlList\":[{\"isVirtical\":true,\"label\":\"実績（列数）\",\"styleMap\":{\"width\":193},\"type\":\"DECIMAL\",\"var\":\"区画_実績\"}],\"id\":null,\"isSubTable\":false,\"type\":\"ROW\",\"var\":null},{\"controlList\":[{\"isVirtical\":true,\"label\":\"列名\",\"styleMap\":{\"width\":193},\"type\":\"SINGLE_LINE_TEXT\",\"var\":\"列名\"},{\"isVirtical\":true,\"label\":\"作業時間\",\"styleMap\":{\"width\":110},\"type\":\"TIME\",\"var\":\"列作業時間\"},{\"isVirtical\":true,\"label\":\"実績（％）\",\"styleMap\":{\"width\":193},\"type\":\"DECIMAL\",\"var\":\"列_実績\"}],\"id\":\"8405434\",\"isSubTable\":true,\"type\":\"SUBTABLE\",\"var\":\"列詳細\"}]","revision":null},"iconMeta":{"internalName":null,"mime":"image/png","name":"schedule.png"},"info":{"automaticallyChooseTitleComponent":"false","code":null,"decimalPrecision":"16","decimalScale":"4","description":"\u003Cdiv\u003E\u003Cbr /\u003E\u003C/div\u003E","enableBulkDeletion":"true","enableRecordReuse":"true","fiscalYearStartMonth":"4","iconKey":"436106","iconType":"BLOB","jsFiles":null,"jsScope":"ALL","name":"計画・勤怠","roundingMode":"HALF_EVEN","theme":"PLAIN","titleComponentLocalId":"6424579","useComment":"true","useHistory":"true","useInlineEditAndDelete":"true","useThumbnail":"true"},"jsFiles":[{"jsFileMetas":[{"internalName":null,"locationType":"URL","mime":null,"name":null,"url":"https://cdnjs.cloudflare.com/ajax/libs/font-awesome/4.7.0/css/font-awesome.min.css"},{"internalName":null,"locationType":"BLOB","mime":"text/css","name":"1 - bootstrap-datepicker.min.css","url":null},{"internalName":null,"locationType":"BLOB","mime":"text/css","name":"1.1 - choices.min.css","url":null},{"internalName":null,"locationType":"BLOB","mime":"text/css","name":"2 - bootstrap.min.css","url":null},{"internalName":null,"locationType":"BLOB","mime":"text/css","name":"3 - tempusdominus-bootstrap-4.min.css","url":null},{"internalName":null,"locationType":"BLOB","mime":"text/javascript","name":"4 - home.css","url":null},{"internalName":null,"locationType":"BLOB","mime":"text/css","name":"5 - Calendar.css","url":null},{"internalName":null,"locationType":"BLOB","mime":"text/css","name":"6 - datepicker-customize.css","url":null},{"internalName":null,"locationType":"BLOB","mime":"text/javascript","name":"2.1 - customize.choices.css","url":null}],"jsType":"MOBILE_CSS"},{"jsFileMetas":[{"internalName":null,"locationType":"BLOB","mime":"text/javascript","name":"0 - uuidv4.min.js","url":null},{"internalName":null,"locationType":"BLOB","mime":"text/javascript","name":"1 - jquery.min.js","url":null},{"internalName":null,"locationType":"BLOB","mime":"text/javascript","name":"1.1 - jquery-ui.min.js","url":null},{"internalName":null,"locationType":"BLOB","mime":"text/javascript","name":"2 - moment.js","url":null},{"internalName":null,"locationType":"BLOB","mime":"text/javascript","name":"3 - bootstrap.min.js","url":null},{"internalName":null,"locationType":"BLOB","mime":"text/javascript","name":"4 - popper.min.js","url":null},{"internalName":null,"locationType":"BLOB","mime":"text/javascript","name":"5 - japanese-holidays.min.js","url":null},{"internalName":null,"locationType":"BLOB","mime":"text/javascript","name":"6 - bootstrap.bundle.min.js","url":null},{"internalName":null,"locationType":"BLOB","mime":"text/javascript","name":"7 - bootstrap-datepicker.min.js","url":null},{"internalName":null,"locationType":"BLOB","mime":"text/javascript","name":"8 - bootstrap-datepicker-ja.js","url":null},{"internalName":null,"locationType":"BLOB","mime":"text/javascript","name":"9 - tempusdominus-bootstrap-4.min.js","url":null},{"internalName":null,"locationType":"BLOB","mime":"text/javascript","name":"10 - jquery.validate.min.js","url":null},{"internalName":null,"locationType":"BLOB","mime":"text/javascript","name":"11 - languages.js","url":null},{"internalName":null,"locationType":"BLOB","mime":"text/javascript","name":"12 - Calendar.js","url":null},{"internalName":null,"locationType":"BLOB","mime":"text/javascript","name":"13 - mf-kintone-services.js","url":null},{"internalName":null,"locationType":"BLOB","mime":"text/javascript","name":"14 - mf-agri-services.js","url":null},{"internalName":null,"locationType":"BLOB","mime":"text/javascript","name":"15 - components.js","url":null},{"internalName":null,"locationType":"BLOB","mime":"text/javascript","name":"16 - home.js","url":null},{"internalName":null,"locationType":"BLOB","mime":"text/javascript","name":"17 - plan.js","url":null},{"internalName":null,"locationType":"BLOB","mime":"text/javascript","name":"18. checkUserPermissions.js","url":null}],"jsType":"DESKTOP"},{"jsFileMetas":[{"internalName":null,"locationType":"URL","mime":null,"name":null,"url":"https://code.jquery.com/ui/1.13.2/themes/smoothness/jquery-ui.css"},{"internalName":null,"locationType":"URL","mime":null,"name":null,"url":"https://cdnjs.cloudflare.com/ajax/libs/font-awesome/4.7.0/css/font-awesome.min.css"},{"internalName":null,"locationType":"BLOB","mime":"text/css","name":"1 - bootstrap-datepicker.min.css","url":null},{"internalName":null,"locationType":"BLOB","mime":"text/css","name":"2 - bootstrap.min.css","url":null},{"internalName":null,"locationType":"BLOB","mime":"text/css","name":"3 - tempusdominus-bootstrap-4.min.css","url":null},{"internalName":null,"locationType":"BLOB","mime":"text/css","name":"4 - home.css","url":null},{"internalName":null,"locationType":"BLOB","mime":"text/javascript","name":"5 - Calendar.css","url":null},{"internalName":null,"locationType":"BLOB","mime":"text/css","name":"6 - datepicker-customize.css","url":null},{"internalName":null,"locationType":"BLOB","mime":"text/javascript","name":"7 - plan.css","url":null}],"jsType":"DESKTOP_CSS"},{"jsFileMetas":[{"internalName":null,"locationType":"BLOB","mime":"text/javascript","name":"1 - jquery.min.js","url":null},{"internalName":null,"locationType":"BLOB","mime":"text/javascript","name":"1.1 - choices.min.js","url":null},{"internalName":null,"locationType":"BLOB","mime":"text/javascript","name":"2 - moment.js","url":null},{"internalName":null,"locationType":"BLOB","mime":"text/javascript","name":"2.1 - moment-timezone.js","url":null},{"internalName":null,"locationType":"BLOB","mime":"text/javascript","name":"3 - bootstrap.min.js","url":null},{"internalName":null,"locationType":"BLOB","mime":"text/javascript","name":"4 - popper.min.js","url":null},{"internalName":null,"locationType":"BLOB","mime":"text/javascript","name":"5 - japanese-holidays.min.js","url":null},{"internalName":null,"locationType":"BLOB","mime":"text/javascript","name":"6 - bootstrap.bundle.min.js","url":null},{"internalName":null,"locationType":"BLOB","mime":"text/javascript","name":"7 - bootstrap-datepicker.min.js","url":null},{"internalName":null,"locationType":"BLOB","mime":"text/javascript","name":"8 - bootstrap-datepicker-ja.js","url":null},{"internalName":null,"locationType":"BLOB","mime":"text/javascript","name":"9 - tempusdominus-bootstrap-4.min.js","url":null},{"internalName":null,"locationType":"BLOB","mime":"text/javascript","name":"10 - jquery.validate.min.js","url":null},{"internalName":null,"locationType":"BLOB","mime":"text/javascript","name":"10.1 - fixed-library.js","url":null},{"internalName":null,"locationType":"BLOB","mime":"text/javascript","name":"11 - languages.js","url":null},{"internalName":null,"locationType":"BLOB","mime":"text/javascript","name":"12 - Calendar.js","url":null},{"internalName":null,"locationType":"BLOB","mime":"text/javascript","name":"13 - mf-kintone-services.js","url":null},{"internalName":null,"locationType":"BLOB","mime":"text/javascript","name":"14 - mf-agri-services.js","url":null},{"internalName":null,"locationType":"BLOB","mime":"text/javascript","name":"15 - components.js","url":null},{"internalName":null,"locationType":"BLOB","mime":"text/javascript","name":"16 - home.js","url":null}],"jsType":"MOBILE"}],"notification":{"appNotifications":[{"events":["RECORD_COMMENT_ADDED"],"target":{"entityId":"6424580","entityType":"FIELD_ENTITY","includeSubs":"false"}},{"events":["RECORD_COMMENT_ADDED"],"target":{"entityId":"6424581","entityType":"FIELD_ENTITY","includeSubs":"false"}}],"recordNotifications":[],"reminderTimezone":null,"reminders":[],"useComment":"true","useReminder":"false"},"plugins":[{"enabled":"true","id":"enlpaadnlkidfglohdmokliiakkickik"},{"enabled":"true","id":"jjolfbjiophiocnpjgmpjncfckcccogf"},{"enabled":"true","id":"dhgjkaammojmbkecclgbpenbpnejohfc"}],"reports":[],"resource":{"tables":[{"rows":[{"fields":[],"objectId":"0","subObjectId":"-1"}],"type":"AppName"},{"rows":[{"fields":[],"objectId":"0","subObjectId":"-1"}],"type":"AppDescription"},{"rows":[{"fields":[],"objectId":"6424579","subObjectId":"-1"},{"fields":[],"objectId":"6424580","subObjectId":"-1"},{"fields":[],"objectId":"6424581","subObjectId":"-1"},{"fields":[],"objectId":"6424582","subObjectId":"-1"},{"fields":[],"objectId":"6424583","subObjectId":"-1"},{"fields":[],"objectId":"6424584","subObjectId":"-1"},{"fields":[],"objectId":"6424585","subObjectId":"-1"},{"fields":[],"objectId":"6424586","subObjectId":"-1"},{"fields":[],"objectId":"6424590","subObjectId":"-1"},{"fields":[],"objectId":"6424597","subObjectId":"-1"},{"fields":[],"objectId":"6424598","subObjectId":"-1"},{"fields":[],"objectId":"6424599","subObjectId":"-1"},{"fields":[],"objectId":"6424601","subObjectId":"-1"},{"fields":[],"objectId":"6424635","subObjectId":"-1"},{"fields":[],"objectId":"8402166","subObjectId":"-1"},{"fields":[],"objectId":"8403495","subObjectId":"-1"},{"fields":[],"objectId":"8403495","subObjectId":"8403492"},{"fields":[],"objectId":"8403495","subObjectId":"8403494"},{"fields":[],"objectId":"8403495","subObjectId":"8403493"},{"fields":[],"objectId":"8403495","subObjectId":"8403557"},{"fields":[],"objectId":"8403577","subObjectId":"-1"},{"fields":[],"objectId":"8403578","subObjectId":"-1"},{"fields":[],"objectId":"8403579","subObjectId":"-1"},{"fields":[],"objectId":"8403627","subObjectId":"-1"},{"fields":[],"objectId":"8404617","subObjectId":"-1"},{"fields":[],"objectId":"8405441","subObjectId":"-1"},{"fields":[],"objectId":"8403629","subObjectId":"-1"},{"fields":[],"objectId":"8404635","subObjectId":"-1"},{"fields":[],"objectId":"8404641","subObjectId":"-1"},{"fields":[],"objectId":"8404648","subObjectId":"-1"},{"fields":[],"objectId":"8404653","subObjectId":"-1"},{"fields":[],"objectId":"8404655","subObjectId":"-1"},{"fields":[],"objectId":"8404672","subObjectId":"-1"},{"fields":[],"objectId":"8404674","subObjectId":"-1"},{"fields":[],"objectId":"8404676","subObjectId":"-1"},{"fields":[],"objectId":"8404677","subObjectId":"-1"},{"fields":[],"objectId":"8404679","subObjectId":"-1"},{"fields":[],"objectId":"8404680","subObjectId":"-1"},{"fields":[],"objectId":"8405010","subObjectId":"-1"},{"fields":[],"objectId":"8405011","subObjectId":"-1"},{"fields":[],"objectId":"8405012","subObjectId":"-1"},{"fields":[],"objectId":"8405013","subObjectId":"-1"},{"fields":[],"objectId":"8405014","subObjectId":"-1"},{"fields":[],"objectId":"8405015","subObjectId":"-1"},{"fields":[],"objectId":"8405425","subObjectId":"-1"},{"fields":[],"objectId":"8405430","subObjectId":"-1"},{"fields":[],"objectId":"8405430","subObjectId":"8405428"},{"fields":[],"objectId":"8405430","subObjectId":"8405429"},{"fields":[],"objectId":"8405434","subObjectId":"-1"},{"fields":[],"objectId":"8405432","subObjectId":"-1"},{"fields":[],"objectId":"8405442","subObjectId":"-1"},{"fields":[],"objectId":"8405446","subObjectId":"-1"},{"fields":[],"objectId":"8405443","subObjectId":"-1"},{"fields":[],"objectId":"8405444","subObjectId":"-1"},{"fields":[],"objectId":"8405467","subObjectId":"-1"},{"fields":[],"objectId":"8405467","subObjectId":"8405465"},{"fields":[],"objectId":"8405467","subObjectId":"8405466"}],"type":"FieldLabel"},{"rows":[{"fields":[],"objectId":"8403663","subObjectId":"-1"},{"fields":[],"objectId":"20","subObjectId":"-1"}],"type":"ViewName"},{"rows":[{"fields":[],"objectId":"8401404","subObjectId":"-1"},{"fields":[],"objectId":"8401405","subObjectId":"-1"},{"fields":[],"objectId":"8401406","subObjectId":"-1"}],"type":"StatusState"},{"rows":[{"fields":[],"objectId":"8401409","subObjectId":"-1"},{"fields":[],"objectId":"8401410","subObjectId":"-1"}],"type":"StatusAction"},{"rows":[{"fields":[],"objectId":"6424674","subObjectId":"-1"},{"fields":[],"objectId":"6424672","subObjectId":"-1"},{"fields":[],"objectId":"6424673","subObjectId":"-1"},{"fields":[],"objectId":"6424671","subObjectId":"-1"}],"type":"CategoryName"}]},"schema":{"groups":[],"revision":null,"subTable":{"8403627":{"fieldList":{"8404617":{"id":"8404617","label":"休憩名","properties":{"defaultValue":"","expression":"","hideExpression":"false","max":null,"min":null,"noLabel":"false","required":"false","unique":"false"},"type":"SINGLE_LINE_TEXT","var":"休憩名"},"8405441":{"id":"8405441","label":"休憩時間","properties":{"defaultExpression":null,"defaultValue":null,"noLabel":"false","required":"false"},"type":"TIME","var":"休憩時間"}},"id":"8403627","label":"休憩履歴","properties":{"noLabel":"false"},"var":"休憩履歴"},"8405434":{"fieldList":{"8405432":{"id":"8405432","label":"列名","properties":{"defaultValue":"","expression":"","hideExpression":"false","max":null,"min":null,"noLabel":"false","required":"false","unique":"false"},"type":"SINGLE_LINE_TEXT","var":"列名"},"8405442":{"id":"8405442","label":"作業時間","properties":{"defaultExpression":null,"defaultValue":null,"noLabel":"false","required":"false"},"type":"TIME","var":"列作業時間"},"8405446":{"id":"8405446","label":"実績（％）","properties":{"defaultValue":null,"digit":"false","displayScale":null,"max":"100","min":"0","noLabel":"false","required":"false","roundingMode":null,"scale":null,"unique":"false","unit":"","unitPosition":"BEFORE"},"type":"DECIMAL","var":"列_実績"}},"id":"8405434","label":"列詳細","properties":{"noLabel":"false"},"var":"列詳細"}},"table":{"fieldList":{"6424579":{"id":"6424579","label":"計画ID","properties":{"noLabel":"false","required":"true"},"type":"RECORD_ID","var":"計画ID"},"6424580":{"id":"6424580","label":"更新者","properties":{"noLabel":"false","required":"true"},"type":"MODIFIER","var":"更新者"},"6424581":{"id":"6424581","label":"作成者","properties":{"noLabel":"false","required":"true"},"type":"CREATOR","var":"作成者"},"6424582":{"id":"6424582","label":"更新日時","properties":{"noLabel":"false","required":"true"},"type":"MODIFIED_AT","var":"更新日時"},"6424583":{"id":"6424583","label":"作成日時","properties":{"noLabel":"false","required":"true"},"type":"CREATED_AT","var":"作成日時"},"6424584":{"id":"6424584","label":"Status","properties":{"noLabel":"false","required":"false"},"type":"STATUS","var":"Status"},"6424585":{"id":"6424585","label":"Assignee","properties":{"noLabel":"false","required":"false"},"type":"STATUS_ASSIGNEE","var":"Assignee"},"6424586":{"id":"6424586","label":"Categories","properties":{"noLabel":"false","required":"false"},"type":"CATEGORY","var":"Categories"},"6424590":{"id":"6424590","label":"作業者名","properties":{"defaultValue":"","expression":"","hideExpression":"false","max":"64","min":null,"noLabel":"false","required":"false","unique":"false"},"type":"SINGLE_LINE_TEXT","var":"作業者名"},"6424597":{"id":"6424597","label":"予定日","properties":{"defaultExpression":null,"defaultValue":null,"noLabel":"false","required":"true","unique":"false"},"type":"DATE","var":"予定日"},"6424598":{"id":"6424598","label":"開始時刻","properties":{"defaultExpression":null,"defaultValue":null,"noLabel":"false","required":"true"},"type":"TIME","var":"計画_開始時刻"},"6424599":{"id":"6424599","label":"終了時刻","properties":{"defaultExpression":null,"defaultValue":null,"noLabel":"false","required":"true"},"type":"TIME","var":"計画_終了時刻"},"6424601":{"id":"6424601","label":"備考","properties":{"defaultValue":"","noLabel":"false","required":"false"},"type":"MULTIPLE_LINE_TEXT","var":"備考"},"6424635":{"id":"6424635","label":"作業名","properties":{"defaultValue":"","expression":"","hideExpression":"false","max":null,"min":null,"noLabel":"false","required":"true","unique":"false"},"type":"SINGLE_LINE_TEXT","var":"作業名"},"8402166":{"id":"8402166","label":"品種","properties":{"defaultValue":"","expression":"","hideExpression":"false","max":null,"min":null,"noLabel":"false","required":"false","unique":"false"},"type":"SINGLE_LINE_TEXT","var":"品種"},"8403495":{"id":"8403495","label":"作業ステータス","properties":{"defaultValue":"8403492","noLabel":"false","options":[{"id":"8403492","label":"未対応","valid":true},{"id":"8403494","label":"処理中","valid":true},{"id":"8403493","label":"完了","valid":true},{"id":"8403557","label":"異常","valid":true}],"required":"false"},"type":"SINGLE_SELECT","var":"作業ステータス"},"8403577":{"id":"8403577","label":"実際の開始時刻","properties":{"defaultExpression":null,"defaultValue":null,"noLabel":"false","required":"false"},"type":"TIME","var":"実績_開始時刻"},"8403578":{"id":"8403578","label":"実際の終了時刻","properties":{"defaultExpression":null,"defaultValue":null,"noLabel":"false","required":"false"},"type":"TIME","var":"実績_終了時刻"},"8403579":{"id":"8403579","label":"作業時間","properties":{"displayScale":null,"expression":"実績_終了時刻 - 実績_開始時刻 - 休憩時間合計","format":"HOUR_MINUTE","hideExpression":"false","noLabel":"false","required":"false","roundingMode":null,"scale":null,"unit":"","unitPosition":"BEFORE"},"type":"CALC","var":"作業時間"},"8403629":{"id":"8403629","label":"休憩時間合計","properties":{"displayScale":null,"expression":"SUM(休憩時間)","format":"HOUR_MINUTE","hideExpression":"false","noLabel":"false","required":"false","roundingMode":null,"scale":null,"unit":"","unitPosition":"BEFORE"},"type":"CALC","var":"休憩時間合計"},"8404635":{"id":"8404635","label":"区画","properties":{"defaultValue":"","expression":"","hideExpression":"false","max":null,"min":null,"noLabel":"false","required":"true","unique":"false"},"type":"SINGLE_LINE_TEXT","var":"区画"},"8404641":{"id":"8404641","label":"作業日","properties":{"defaultExpression":null,"defaultValue":null,"noLabel":"false","required":"false","unique":"false"},"type":"DATE","var":"作業日"},"8404648":{"id":"8404648","label":"SharePointID","properties":{"defaultValue":null,"digit":"false","displayScale":null,"max":null,"min":null,"noLabel":"false","required":"false","roundingMode":null,"scale":null,"unique":"true","unit":"","unitPosition":"BEFORE"},"type":"DECIMAL","var":"SharePointID"},"8404653":{"id":"8404653","label":"SharePointLastModified","properties":{"defaultValue":"","expression":"","hideExpression":"false","max":null,"min":null,"noLabel":"false","required":"false","unique":"false"},"type":"SINGLE_LINE_TEXT","var":"SharePointLastModified"},"8404655":{"id":"8404655","label":"実際社員コード","properties":{"defaultValue":"","expression":"","hideExpression":"false","max":null,"min":null,"noLabel":"false","required":"false","unique":"false"},"type":"SINGLE_LINE_TEXT","var":"実際_社員コード"},"8404672":{"id":"8404672","label":"圃場ID","properties":{"defaultValue":null,"digit":"false","displayScale":null,"max":null,"min":null,"noLabel":"false","required":"true","roundingMode":null,"scale":null,"unique":"false","unit":"","unitPosition":"BEFORE"},"type":"DECIMAL","var":"圃場ID"},"8404674":{"id":"8404674","label":"グループID","properties":{"defaultValue":"","expression":"","hideExpression":"false","max":null,"min":null,"noLabel":"false","required":"false","unique":"false"},"type":"SINGLE_LINE_TEXT","var":"グループID"},"8404676":{"id":"8404676","label":"メールアドレス","properties":{"defaultValue":"","expression":"","hideExpression":"false","max":null,"min":null,"noLabel":"false","required":"false","unique":"false"},"type":"SINGLE_LINE_TEXT","var":"メールアドレス"},"8404677":{"id":"8404677","label":"社員コード","properties":{"defaultValue":"","expression":"","hideExpression":"false","max":null,"min":null,"noLabel":"false","required":"false","unique":"false"},"type":"SINGLE_LINE_TEXT","var":"社員コード"},"8404679":{"id":"8404679","label":"実際メールアドレス","properties":{"defaultValue":"","expression":"","hideExpression":"false","max":null,"min":null,"noLabel":"false","required":"false","unique":"false"},"type":"SINGLE_LINE_TEXT","var":"実際_メールアドレス"},"8404680":{"id":"8404680","label":"実際作業者名","properties":{"defaultValue":"","expression":"","hideExpression":"false","max":"64","min":null,"noLabel":"false","required":"false","unique":"false"},"type":"SINGLE_LINE_TEXT","var":"実際_作業者名"},"8405010":{"id":"8405010","label":"圃場ID","properties":{"defaultValue":null,"digit":"false","displayScale":null,"max":null,"min":null,"noLabel":"false","required":"true","roundingMode":null,"scale":null,"unique":"false","unit":null,"unitPosition":"BEFORE"},"type":"DECIMAL","var":"圃場_SharePointID"},"8405011":{"id":"8405011","label":"圃場","properties":{"defaultValue":"","expression":"","hideExpression":"false","max":null,"min":null,"noLabel":"false","required":"true","unique":"false"},"type":"SINGLE_LINE_TEXT","var":"圃場"},"8405012":{"id":"8405012","label":"作付ID","properties":{"defaultValue":null,"digit":"false","displayScale":null,"max":null,"min":null,"noLabel":"false","required":"false","roundingMode":null,"scale":null,"unique":"false","unit":null,"unitPosition":"BEFORE"},"type":"DECIMAL","var":"作付_SharePointID"},"8405013":{"id":"8405013","label":"作付","properties":{"defaultValue":"","expression":"","hideExpression":"false","max":null,"min":null,"noLabel":"false","required":"false","unique":"false"},"type":"SINGLE_LINE_TEXT","var":"作付"},"8405014":{"id":"8405014","label":"作業ID","properties":{"defaultValue":null,"digit":"false","displayScale":null,"max":null,"min":null,"noLabel":"false","required":"true","roundingMode":null,"scale":null,"unique":"false","unit":null,"unitPosition":"BEFORE"},"type":"DECIMAL","var":"作業_SharePointID"},"8405015":{"id":"8405015","label":"作業コード","properties":{"defaultValue":"","expression":"","hideExpression":"false","max":null,"min":null,"noLabel":"false","required":"true","unique":"false"},"type":"SINGLE_LINE_TEXT","var":"作業コード"},"8405425":{"id":"8405425","label":"スマホアプリの利用設定","properties":{"defaultValue":"","expression":"","hideExpression":"false","max":null,"min":null,"noLabel":"false","required":"false","unique":"false"},"type":"SINGLE_LINE_TEXT","var":"スマホアプリの利用設定"},"8405430":{"id":"8405430","label":"集計単位","properties":{"defaultValue":"8405428","noLabel":"false","options":[{"id":"8405428","label":"区画","valid":true},{"id":"8405429","label":"列","valid":true}],"required":"false"},"type":"SINGLE_SELECT","var":"集計単位"},"8405443":{"id":"8405443","label":"列数","properties":{"defaultValue":null,"digit":"false","displayScale":null,"max":null,"min":"0","noLabel":"false","required":"false","roundingMode":null,"scale":null,"unique":"false","unit":"","unitPosition":"BEFORE"},"type":"DECIMAL","var":"列数"},"8405444":{"id":"8405444","label":"実績（列数）","properties":{"defaultValue":null,"digit":"false","displayScale":null,"max":null,"min":"0","noLabel":"false","required":"false","roundingMode":null,"scale":null,"unique":"false","unit":"","unitPosition":"BEFORE"},"type":"DECIMAL","var":"区画_実績"},"8405467":{"id":"8405467","label":"作成者","properties":{"defaultValue":null,"noLabel":"false","options":[{"id":"8405465","label":"管理者","valid":true},{"id":"8405466","label":"作業者","valid":true}],"required":"false"},"type":"SINGLE_SELECT","var":"作成者区分"}},"id":"1","label":"__ROOT__","properties":null,"var":"__ROOT__"}},"settingsNotesForm":{"content":null,"willBeInherited":null},"status":{"actions":[{"app":null,"assignees":[],"executableUsers":[],"filter":"8401407","from":"8401404","fromLabel":null,"id":"8401409","label":"Start","record":null,"revision":null,"to":"8401405","toApprovalType":null,"toLabel":null,"type":"PRIMARY"},{"app":null,"assignees":[],"executableUsers":[],"filter":"8401408","from":"8401405","fromLabel":null,"id":"8401410","label":"Complete","record":null,"revision":null,"to":"8401406","toApprovalType":null,"toLabel":null,"type":"PRIMARY"}],"filters":[{"condition":"","id":"8401407","state":"8401404"},{"condition":"","id":"8401408","state":"8401405"}],"initialStateId":"8401404","states":[{"approvalType":"ONE","assignees":[],"id":"8401404","initial":true,"label":"Not started","valid":true},{"approvalType":"ONE","assignees":[],"id":"8401405","initial":false,"label":"In progress","valid":true},{"approvalType":"ONE","assignees":[],"id":"8401406","initial":false,"label":"Completed","valid":true}],"useStatus":"false"},"uuid":"59587680-99a2-403c-bc49-58c99587d05c","views":[{"advancedMode":"false","builtinType":null,"device":"ANY","fields":[{"row":[]}],"filter":{"category":null,"offset":null,"order":["DESC"],"q":null,"size":null,"sort":["f6424579"]},"html":"","keyFieldId":null,"name":"Calendar View","pager":"true","revision":null,"titleFieldId":null,"view":"8403663","viewType":"CUSTOM"},{"advancedMode":null,"builtinType":"ALL","device":null,"fields":[{"row":[{"columnWidth":null,"id":"6424579"},{"columnWidth":null,"id":"6424590"},{"columnWidth":null,"id":"6424597"},{"columnWidth":null,"id":"6424598"},{"columnWidth":null,"id":"6424599"},{"columnWidth":null,"id":"6424601"},{"columnWidth":null,"id":"6424635"},{"columnWidth":null,"id":"8402166"},{"columnWidth":null,"id":"8403495"},{"columnWidth":null,"id":"8403577"},{"columnWidth":null,"id":"8403578"},{"columnWidth":null,"id":"8403579"},{"columnWidth":null,"id":"8403629"},{"columnWidth":null,"id":"8404635"},{"columnWidth":null,"id":"8404641"},{"columnWidth":null,"id":"8404648"},{"columnWidth":null,"id":"8404653"},{"columnWidth":null,"id":"8404655"},{"columnWidth":null,"id":"8404672"},{"columnWidth":null,"id":"8404674"},{"columnWidth":null,"id":"8404676"},{"columnWidth":null,"id":"8404677"},{"columnWidth":null,"id":"8404679"},{"columnWidth":null,"id":"8404680"},{"columnWidth":null,"id":"8405010"},{"columnWidth":null,"id":"8405011"},{"columnWidth":null,"id":"8405012"},{"columnWidth":null,"id":"8405013"},{"columnWidth":null,"id":"8405014"},{"columnWidth":null,"id":"8405015"},{"columnWidth":null,"id":"8405425"},{"columnWidth":null,"id":"8405430"},{"columnWidth":null,"id":"8405443"},{"columnWidth":null,"id":"8405444"},{"columnWidth":null,"id":"8405467"}]}],"filter":{"category":null,"offset":null,"order":[],"q":null,"size":null,"sort":[]},"html":null,"keyFieldId":null,"name":"(All records)","pager":null,"revision":null,"titleFieldId":null,"view":"20","viewType":"LIST"}]}],"description":"","iconKey":"20251222172431A62D0AE3D1744AB89876558AC225701D143","iconMeta":{"internalName":null,"mime":"image/png","name":"schedule.png"},"iconSrcAppId":"59587680-99a2-403c-bc49-58c99587d05c","iconType":"BLOB","imagesMeta":[],"lookups":[{"actingAppId":"f29662f0-a8a2-467d-ba89-20a1af551213","fieldMappings":[{"fieldId":"8402127","targetFieldId":"8402128"}],"keyMapping":{"fieldId":"8401772","targetFieldId":"8401550"},"listFields":["8401550","8402128"],"query":{"category":null,"offset":null,"order":["desc"],"q":"order by f8401542 desc","size":null,"sort":["f8401542"]},"targetAppId":"59572a4a-a8ca-4aeb-aef5-1f995bfefa9c"},{"actingAppId":"f29662f0-a8a2-467d-ba89-20a1af551213","fieldMappings":[],"keyMapping":{"fieldId":"8404631","targetFieldId":"8401562"},"listFields":[],"query":{"category":null,"offset":null,"order":["desc"],"q":"order by f8401554 desc","size":null,"sort":["f8401554"]},"targetAppId":"5fb81fa9-0c3c-49d8-9d02-f7c04ebd38e4"},{"actingAppId":"59587680-99a2-403c-bc49-58c99587d05c","fieldMappings":[{"fieldId":"6424590","targetFieldId":"6424505"},{"fieldId":"8404677","targetFieldId":"6424504"},{"fieldId":"8405425","targetFieldId":"8405423"}],"keyMapping":{"fieldId":"8404676","targetFieldId":"8404613"},"listFields":["8404613","6424505","6424506","6424510"],"query":{"category":null,"offset":null,"order":["desc"],"q":"order by f8404613 desc","size":null,"sort":["f8404613"]},"targetAppId":"e409a0a5-fc02-49d4-8220-521f14d84bee"},{"actingAppId":"59587680-99a2-403c-bc49-58c99587d05c","fieldMappings":[{"fieldId":"8404655","targetFieldId":"6424504"},{"fieldId":"8404680","targetFieldId":"6424505"}],"keyMapping":{"fieldId":"8404679","targetFieldId":"8404613"},"listFields":["8404613","6424505","6424506","6424510"],"query":{"category":null,"offset":null,"order":["desc"],"q":"order by f8404613 desc","size":null,"sort":["f8404613"]},"targetAppId":"e409a0a5-fc02-49d4-8220-521f14d84bee"},{"actingAppId":"59587680-99a2-403c-bc49-58c99587d05c","fieldMappings":[{"fieldId":"8404672","targetFieldId":"8401554"},{"fieldId":"8405011","targetFieldId":"8401562"}],"keyMapping":{"fieldId":"8405010","targetFieldId":"8404662"},"listFields":["8401562"],"query":{"category":null,"offset":null,"order":["desc"],"q":"order by f8401562 desc","size":null,"sort":["f8401562"]},"targetAppId":"5fb81fa9-0c3c-49d8-9d02-f7c04ebd38e4"},{"actingAppId":"59587680-99a2-403c-bc49-58c99587d05c","fieldMappings":[{"fieldId":"8402166","targetFieldId":"8401772"},{"fieldId":"8405013","targetFieldId":"8401771"}],"keyMapping":{"fieldId":"8405012","targetFieldId":"8404664"},"listFields":["8401771","8401772","8401774","8401775","8401776"],"query":{"category":null,"offset":null,"order":["desc"],"q":"order by f8401763 desc","size":null,"sort":["f8401763"]},"targetAppId":"f29662f0-a8a2-467d-ba89-20a1af551213"},{"actingAppId":"59587680-99a2-403c-bc49-58c99587d05c","fieldMappings":[{"fieldId":"6424601","targetFieldId":"6424600"},{"fieldId":"6424635","targetFieldId":"6424562"},{"fieldId":"8405015","targetFieldId":"6424634"}],"keyMapping":{"fieldId":"8405014","targetFieldId":"8404666"},"listFields":["6424562","6424600","6424634"],"query":{"category":null,"offset":null,"order":["desc"],"q":"order by f6424554 desc","size":null,"sort":["f6424554"]},"targetAppId":"d172a1f5-c8ef-492f-a4f3-cdb4d2f61ec1"}],"name":"計画・勤怠","references":[],"version":"44"}