{"actions":[],"apps":[{"acl":{"app":[],"field":[],"record":[]},"app":null,"category":{"categories":[],"useCategory":"false"},"form":{"layout":"[{\"id\":null,\"type\":\"ROW\",\"isSubTable\":false,\"var\":null,\"label\":null,\"controlList\":[{\"isVirtical\":true,\"styleMap\":{\"width\":120},\"type\":\"RECORD_ID\",\"var\":\"圃場ID\",\"label\":\"圃場ID\"},{\"isVirtical\":true,\"styleMap\":{\"width\":193},\"type\":\"DECIMAL\",\"var\":\"SharePointID\",\"label\":\"SharePointID\"},{\"isVirtical\":true,\"styleMap\":{\"width\":193},\"type\":\"SINGLE_LINE_TEXT\",\"var\":\"SharePointLastModified\",\"label\":\"SharePointLastModified\"}]},{\"id\":null,\"type\":\"ROW\",\"isSubTable\":false,\"var\":null,\"label\":null,\"controlList\":[{\"isVirtical\":true,\"styleMap\":{\"width\":193},\"type\":\"SINGLE_LINE_TEXT\",\"var\":\"圃場名\",\"label\":\"圃場名\"}]},{\"id\":\"8401569\",\"type\":\"SUBTABLE\",\"isSubTable\":true,\"var\":\"詳細\",\"label\":\"詳細\",\"controlList\":[{\"isVirtical\":true,\"styleMap\":{\"width\":193},\"type\":\"SINGLE_LINE_TEXT\",\"var\":\"区画名\",\"label\":\"区画名\"},{\"isVirtical\":true,\"styleMap\":{\"width\":193},\"type\":\"DECIMAL\",\"var\":\"列数\",\"label\":\"列数\"},{\"isVirtical\":true,\"styleMap\":{\"width\":193},\"type\":\"DECIMAL\",\"var\":\"株数\",\"label\":\"株数\"},{\"isVirtical\":true,\"styleMap\":{\"width\":193},\"type\":\"DECIMAL\",\"var\":\"列の長さ\",\"label\":\"列の長さ(m)\"},{\"isVirtical\":true,\"styleMap\":{\"width\":315,\"height\":185,\"innerHeight\":125},\"type\":\"MULTIPLE_LINE_TEXT\",\"var\":\"列名一覧\",\"label\":\"列名一覧\"}]}]","revision":null},"iconMeta":{"internalName":null,"mime":"image/png","name":"master_icon.png"},"info":{"automaticallyChooseTitleComponent":"true","code":null,"decimalPrecision":"16","decimalScale":"4","description":"\u003Cdiv\u003E\u003Cbr /\u003E\u003C/div\u003E","enableBulkDeletion":"false","enableRecordReuse":"true","fiscalYearStartMonth":"4","iconKey":"436373","iconType":"BLOB","jsFiles":null,"jsScope":"ALL","name":"圃場マスター管理","roundingMode":"HALF_EVEN","theme":"PLAIN","titleComponentLocalId":null,"useComment":"true","useHistory":"true","useInlineEditAndDelete":"true","useThumbnail":"true"},"jsFiles":[{"jsFileMetas":[{"internalName":null,"locationType":"BLOB","mime":"text/javascript","name":"jquery.min.js","url":null},{"internalName":null,"locationType":"BLOB","mime":"text/javascript","name":"main.js","url":null}],"jsType":"DESKTOP"},{"jsFileMetas":[{"internalName":null,"locationType":"BLOB","mime":"text/javascript","name":"jquery.min.js","url":null},{"internalName":null,"locationType":"BLOB","mime":"text/javascript","name":"main.js","url":null}],"jsType":"MOBILE"}],"notification":{"appNotifications":[{"events":["RECORD_COMMENT_ADDED"],"target":{"entityId":"8401555","entityType":"FIELD_ENTITY","includeSubs":"false"}},{"events":["RECORD_COMMENT_ADDED"],"target":{"entityId":"8401556","entityType":"FIELD_ENTITY","includeSubs":"false"}}],"recordNotifications":[],"reminderTimezone":null,"reminders":[],"useComment":"true","useReminder":"false"},"plugins":[{"enabled":"true","id":"mlejgiphgolcmmlngilpciapimhkmilh"},{"enabled":"true","id":"jjolfbjiophiocnpjgmpjncfckcccogf"},{"enabled":"true","id":"dhgjkaammojmbkecclgbpenbpnejohfc"}],"reports":[],"resource":{"tables":[{"rows":[{"fields":[],"objectId":"0","subObjectId":"-1"}],"type":"AppName"},{"rows":[{"fields":[],"objectId":"0","subObjectId":"-1"}],"type":"AppDescription"},{"rows":[{"fields":[],"objectId":"8401554","subObjectId":"-1"},{"fields":[],"objectId":"8401555","subObjectId":"-1"},{"fields":[],"objectId":"8401556","subObjectId":"-1"},{"fields":[],"objectId":"8401557","subObjectId":"-1"},{"fields":[],"objectId":"8401558","subObjectId":"-1"},{"fields":[],"objectId":"8401559","subObjectId":"-1"},{"fields":[],"objectId":"8401560","subObjectId":"-1"},{"fields":[],"objectId":"8401561","subObjectId":"-1"},{"fields":[],"objectId":"8401562","subObjectId":"-1"},{"fields":[],"objectId":"8401569","subObjectId":"-1"},{"fields":[],"objectId":"8401566","subObjectId":"-1"},{"fields":[],"objectId":"8401567","subObjectId":"-1"},{"fields":[],"objectId":"8401568","subObjectId":"-1"},{"fields":[],"objectId":"8403466","subObjectId":"-1"},{"fields":[],"objectId":"8405038","subObjectId":"-1"},{"fields":[],"objectId":"8404662","subObjectId":"-1"},{"fields":[],"objectId":"8404663","subObjectId":"-1"}],"type":"FieldLabel"},{"rows":[{"fields":[],"objectId":"8403469","subObjectId":"-1"},{"fields":[],"objectId":"20","subObjectId":"-1"}],"type":"ViewName"},{"rows":[],"type":"CategoryName"}]},"schema":{"groups":[],"revision":null,"subTable":{"8401569":{"fieldList":{"8401566":{"id":"8401566","label":"区画名","properties":{"defaultValue":"","expression":"","hideExpression":"false","max":null,"min":null,"noLabel":"false","required":"false","unique":"false"},"type":"SINGLE_LINE_TEXT","var":"区画名"},"8401567":{"id":"8401567","label":"列数","properties":{"defaultValue":null,"digit":"true","displayScale":null,"max":null,"min":"1","noLabel":"false","required":"false","roundingMode":null,"scale":null,"unique":"false","unit":"","unitPosition":"BEFORE"},"type":"DECIMAL","var":"列数"},"8401568":{"id":"8401568","label":"株数","properties":{"defaultValue":null,"digit":"true","displayScale":null,"max":null,"min":"1","noLabel":"false","required":"false","roundingMode":null,"scale":null,"unique":"false","unit":"","unitPosition":"BEFORE"},"type":"DECIMAL","var":"株数"},"8403466":{"id":"8403466","label":"列の長さ(m)","properties":{"defaultValue":null,"digit":"false","displayScale":null,"max":null,"min":null,"noLabel":"false","required":"false","roundingMode":null,"scale":null,"unique":"false","unit":"","unitPosition":"BEFORE"},"type":"DECIMAL","var":"列の長さ"},"8405038":{"id":"8405038","label":"列名一覧","properties":{"defaultValue":"","noLabel":"false","required":"false"},"type":"MULTIPLE_LINE_TEXT","var":"列名一覧"}},"id":"8401569","label":"詳細","properties":{"noLabel":"false"},"var":"詳細"}},"table":{"fieldList":{"8401554":{"id":"8401554","label":"圃場ID","properties":{"noLabel":"false","required":"true"},"type":"RECORD_ID","var":"圃場ID"},"8401555":{"id":"8401555","label":"Updated by","properties":{"noLabel":"false","required":"true"},"type":"MODIFIER","var":"Updated_by"},"8401556":{"id":"8401556","label":"Created by","properties":{"noLabel":"false","required":"true"},"type":"CREATOR","var":"Created_by"},"8401557":{"id":"8401557","label":"Updated datetime","properties":{"noLabel":"false","required":"true"},"type":"MODIFIED_AT","var":"Updated_datetime"},"8401558":{"id":"8401558","label":"Created datetime","properties":{"noLabel":"false","required":"true"},"type":"CREATED_AT","var":"Created_datetime"},"8401559":{"id":"8401559","label":"Status","properties":{"noLabel":"false","required":"false"},"type":"STATUS","var":"Status"},"8401560":{"id":"8401560","label":"Assignee","properties":{"noLabel":"false","required":"false"},"type":"STATUS_ASSIGNEE","var":"Assignee"},"8401561":{"id":"8401561","label":"Categories","properties":{"noLabel":"false","required":"false"},"type":"CATEGORY","var":"Categories"},"8401562":{"id":"8401562","label":"圃場名","properties":{"defaultValue":"","expression":"","hideExpression":"false","max":"64","min":null,"noLabel":"false","required":"true","unique":"true"},"type":"SINGLE_LINE_TEXT","var":"圃場名"},"8404662":{"id":"8404662","label":"SharePointID","properties":{"defaultValue":null,"digit":"false","displayScale":null,"max":null,"min":null,"noLabel":"false","required":"false","roundingMode":null,"scale":null,"unique":"true","unit":"","unitPosition":"BEFORE"},"type":"DECIMAL","var":"SharePointID"},"8404663":{"id":"8404663","label":"SharePointLastModified","properties":{"defaultValue":"","expression":"","hideExpression":"false","max":null,"min":null,"noLabel":"false","required":"false","unique":"false"},"type":"SINGLE_LINE_TEXT","var":"SharePointLastModified"}},"id":"1","label":"__ROOT__","properties":null,"var":"__ROOT__"}},"settingsNotesForm":{"content":null,"willBeInherited":null},"status":{"actions":[],"filters":[],"initialStateId":null,"states":[],"useStatus":"false"},"uuid":"72191bb6-92f1-4816-80bb-941066149e42","views":[{"advancedMode":"false","builtinType":null,"device":null,"fields":[{"row":[{"columnWidth":null,"id":"8401562"},{"columnWidth":null,"id":"8404662"},{"columnWidth":null,"id":"8401569"}]}],"filter":{"category":null,"offset":null,"order":["DESC"],"q":null,"size":null,"sort":["f8401554"]},"html":null,"keyFieldId":null,"name":"Detail View","pager":null,"revision":null,"titleFieldId":null,"view":"8403469","viewType":"LIST"},{"advancedMode":null,"builtinType":"ALL","device":null,"fields":[{"row":[{"columnWidth":null,"id":"8401554"},{"columnWidth":null,"id":"8401562"},{"columnWidth":null,"id":"8404662"},{"columnWidth":null,"id":"8404663"}]}],"filter":{"category":null,"offset":null,"order":[],"q":null,"size":null,"sort":[]},"html":null,"keyFieldId":null,"name":"(All records)","pager":null,"revision":null,"titleFieldId":null,"view":"20","viewType":"LIST"}]}],"description":"","iconKey":"20251222173517EABDD0623F9940168761FC3EC4D2F95C282","iconMeta":{"internalName":null,"mime":"image/png","name":"master_icon.png"},"iconSrcAppId":"72191bb6-92f1-4816-80bb-941066149e42","iconType":"BLOB","imagesMeta":[],"lookups":[],"name":"圃場マスター管理","references":[],"version":"44"}