{"actions":[],"apps":[{"acl":{"app":[],"field":[],"record":[]},"app":null,"category":{"categories":[],"useCategory":"false"},"form":{"layout":"[{\"id\":null,\"type\":\"ROW\",\"isSubTable\":false,\"var\":null,\"label\":null,\"controlList\":[{\"isVirtical\":true,\"styleMap\":{\"width\":193},\"type\":\"DECIMAL\",\"var\":\"SharePointID\",\"label\":\"SharePointID\"},{\"isVirtical\":true,\"styleMap\":{\"width\":193},\"type\":\"SINGLE_LINE_TEXT\",\"var\":\"SharePointLastModified\",\"label\":\"SharePointLastModified\"}]},{\"id\":null,\"type\":\"ROW\",\"isSubTable\":false,\"var\":null,\"label\":null,\"controlList\":[{\"isVirtical\":true,\"styleMap\":{\"width\":193},\"type\":\"SINGLE_LINE_TEXT\",\"var\":\"社員コード\",\"label\":\"社員コード\"},{\"isVirtical\":true,\"styleMap\":{\"width\":193},\"type\":\"SINGLE_LINE_TEXT\",\"var\":\"氏名\",\"label\":\"氏名\"},{\"isVirtical\":true,\"styleMap\":{\"width\":193},\"type\":\"SINGLE_LINE_TEXT\",\"var\":\"せいめい\",\"label\":\"せいめい（かな）\"},{\"isVirtical\":true,\"styleMap\":{\"width\":344},\"type\":\"USER_SELECT\",\"var\":\"ユーザーの選択\",\"label\":\"ユーザーの選択\"}]},{\"id\":null,\"type\":\"ROW\",\"isSubTable\":false,\"var\":null,\"label\":null,\"controlList\":[{\"isVirtical\":true,\"styleMap\":{\"width\":193},\"type\":\"SINGLE_LINE_TEXT\",\"var\":\"雇用形態\",\"label\":\"雇用形態\"},{\"isVirtical\":true,\"styleMap\":{\"width\":193},\"type\":\"SINGLE_LINE_TEXT\",\"var\":\"優先作業\",\"label\":\"優先作業\"},{\"isVirtical\":true,\"styleMap\":{\"width\":193},\"type\":\"SINGLE_LINE_TEXT\",\"var\":\"勤務日数・時間\",\"label\":\"勤務日数・時間\"},{\"isVirtical\":true,\"styleMap\":{\"width\":292},\"type\":\"SINGLE_LINE_TEXT\",\"var\":\"メールアドレス\",\"label\":\"メールアドレス\"}]},{\"id\":null,\"type\":\"ROW\",\"isSubTable\":false,\"var\":null,\"label\":null,\"controlList\":[{\"isVirtical\":true,\"styleMap\":{\"width\":196},\"type\":\"SINGLE_SELECT\",\"var\":\"スマホアプリの利用設定\",\"label\":\"スマホアプリの利用設定\"}]}]","revision":null},"iconMeta":{"internalName":null,"mime":"image/png","name":"master_icon.png"},"info":{"automaticallyChooseTitleComponent":"true","code":null,"decimalPrecision":"16","decimalScale":"4","description":"\u003Cdiv\u003E\u003Cspan style=\"color:rgb( 36 , 36 , 36 );font-family:&#39;yu gothic&#39; , &#39;meiryo ui&#39; , &#39;ms ui gothic&#39; , &#39;ms pgothic&#39; , , &#39;ms gothic&#39; , , &#39;calibri&#39; , sans-serif , &#39;mongolian baiti&#39; , &#39;microsoft yi baiti&#39; , &#39;javanese text&#39;;font-size:14.6667px\"\u003E\u003Cb\u003E説明\u003C/b\u003E\u003Cbr /\u003E作業者の基本情報を管理する。\u003C/span\u003E\u003C/div\u003E\u003Cdiv\u003E\u003Cspan style=\"color:rgb( 36 , 36 , 36 );font-size:14.6667px\"\u003E機能&#xff1b;新しい作業者を登録する・\u003C/span\u003E\u003Cspan style=\"color:rgb( 36 , 36 , 36 );font-size:14.6667px\"\u003E存在している作業者の情報を修正する・\u003C/span\u003E\u003Cspan style=\"color:rgb( 36 , 36 , 36 );font-size:14.6667px\"\u003E作業者情報を削除する。\u003C/span\u003E\u003Cbr /\u003E\u003C/div\u003E","enableBulkDeletion":"false","enableRecordReuse":"true","fiscalYearStartMonth":"4","iconKey":"436364","iconType":"BLOB","jsFiles":null,"jsScope":"ALL","name":"作業者マスター管理","roundingMode":"HALF_EVEN","theme":"PLAIN","titleComponentLocalId":null,"useComment":"true","useHistory":"true","useInlineEditAndDelete":"true","useThumbnail":"true"},"jsFiles":[{"jsFileMetas":[{"internalName":null,"locationType":"URL","mime":null,"name":null,"url":"https://js.kintone.com/jquery/2.2.4/jquery.min.js"}],"jsType":"DESKTOP"}],"notification":{"appNotifications":[],"recordNotifications":[],"reminderTimezone":null,"reminders":[],"useComment":"true","useReminder":"false"},"plugins":[{"enabled":"true","id":"mlejgiphgolcmmlngilpciapimhkmilh"},{"enabled":"true","id":"kibfibcedglicjbbliflgekhklgcpgoo"},{"enabled":"true","id":"jjolfbjiophiocnpjgmpjncfckcccogf"}],"reports":[],"resource":{"tables":[{"rows":[{"fields":[{"language":"zh","value":""},{"language":"en","value":""},{"language":"ja","value":""}],"objectId":"0","subObjectId":"-1"}],"type":"AppName"},{"rows":[{"fields":[{"language":"zh","value":""},{"language":"en","value":"\u003Cdiv\u003E\u003Cspan style=\"color:rgb( 36 , 36 , 36 );font-family:&#39;yu gothic&#39; , &#39;meiryo ui&#39; , &#39;ms ui gothic&#39; , &#39;ms pgothic&#39; , , &#39;ms gothic&#39; , , &#39;calibri&#39; , sans-serif , &#39;mongolian baiti&#39; , &#39;microsoft yi baiti&#39; , &#39;javanese text&#39;;font-size:14.6667px\"\u003E\u003Cb\u003E説明\u003C/b\u003E\u003Cbr /\u003E作業者の基本情報を管理する。\u003C/span\u003E\u003C/div\u003E\u003Cdiv\u003E\u003Cspan style=\"color:rgb( 36 , 36 , 36 );font-size:14.6667px\"\u003E機能&#xff1b;新しい作業者を登録する・\u003C/span\u003E\u003Cspan style=\"color:rgb( 36 , 36 , 36 );font-size:14.6667px\"\u003E存在している作業者の情報を修正する・\u003C/span\u003E\u003Cspan style=\"color:rgb( 36 , 36 , 36 );font-size:14.6667px\"\u003E作業者情報を削除する。\u003C/span\u003E\u003Cbr /\u003E\u003C/div\u003E"},{"language":"ja","value":"\u003Cdiv\u003E\u003Cspan style=\"color:rgb( 36 , 36 , 36 );font-size:14.6667px\"\u003E\u003Cb\u003E説明\u003C/b\u003E\u003Cbr /\u003E作業者の基本情報を管理する。\u003C/span\u003E\u003C/div\u003E\u003Cdiv\u003E\u003Cspan style=\"color:rgb( 36 , 36 , 36 );font-size:14.6667px\"\u003E機能&#xff1b;新しい作業者を登録する・\u003C/span\u003E\u003Cspan style=\"color:rgb( 36 , 36 , 36 );font-size:14.6667px\"\u003E存在している作業者の情報を修正する・\u003C/span\u003E\u003Cspan style=\"color:rgb( 36 , 36 , 36 );font-size:14.6667px\"\u003E作業者情報を削除する。\u003C/span\u003E\u003Cbr /\u003E\u003C/div\u003E"}],"objectId":"0","subObjectId":"-1"}],"type":"AppDescription"},{"rows":[{"fields":[{"language":"zh","value":""},{"language":"en","value":""},{"language":"ja","value":""}],"objectId":"6424496","subObjectId":"-1"},{"fields":[{"language":"zh","value":""},{"language":"en","value":""},{"language":"ja","value":""}],"objectId":"6424497","subObjectId":"-1"},{"fields":[{"language":"zh","value":""},{"language":"en","value":""},{"language":"ja","value":""}],"objectId":"6424498","subObjectId":"-1"},{"fields":[{"language":"zh","value":""},{"language":"en","value":""},{"language":"ja","value":""}],"objectId":"6424499","subObjectId":"-1"},{"fields":[{"language":"zh","value":""},{"language":"en","value":""},{"language":"ja","value":""}],"objectId":"6424500","subObjectId":"-1"},{"fields":[{"language":"zh","value":""},{"language":"en","value":""},{"language":"ja","value":""}],"objectId":"6424501","subObjectId":"-1"},{"fields":[{"language":"zh","value":""},{"language":"en","value":""},{"language":"ja","value":""}],"objectId":"6424502","subObjectId":"-1"},{"fields":[{"language":"zh","value":""},{"language":"en","value":""},{"language":"ja","value":""}],"objectId":"6424503","subObjectId":"-1"},{"fields":[{"language":"zh","value":""},{"language":"en","value":""},{"language":"ja","value":""}],"objectId":"6424504","subObjectId":"-1"},{"fields":[{"language":"zh","value":""},{"language":"en","value":""},{"language":"ja","value":""}],"objectId":"6424505","subObjectId":"-1"},{"fields":[{"language":"zh","value":""},{"language":"en","value":""},{"language":"ja","value":""}],"objectId":"6424506","subObjectId":"-1"},{"fields":[{"language":"zh","value":""},{"language":"en","value":""},{"language":"ja","value":""}],"objectId":"6424507","subObjectId":"-1"},{"fields":[{"language":"zh","value":""},{"language":"en","value":""},{"language":"ja","value":""}],"objectId":"6424508","subObjectId":"-1"},{"fields":[{"language":"zh","value":""},{"language":"en","value":""},{"language":"ja","value":""}],"objectId":"6424510","subObjectId":"-1"},{"fields":[{"language":"zh","value":""},{"language":"en","value":""},{"language":"ja","value":""}],"objectId":"6424511","subObjectId":"-1"},{"fields":[],"objectId":"8404613","subObjectId":"-1"},{"fields":[],"objectId":"8405423","subObjectId":"-1"},{"fields":[],"objectId":"8405423","subObjectId":"8405421"},{"fields":[],"objectId":"8405423","subObjectId":"8405422"},{"fields":[],"objectId":"8405468","subObjectId":"-1"},{"fields":[],"objectId":"8405469","subObjectId":"-1"}],"type":"FieldLabel"},{"rows":[{"fields":[{"language":"zh","value":""},{"language":"en","value":""},{"language":"ja","value":""}],"objectId":"20","subObjectId":"-1"}],"type":"ViewName"},{"rows":[],"type":"CategoryName"}]},"schema":{"groups":[],"revision":null,"subTable":{},"table":{"fieldList":{"6424496":{"id":"6424496","label":"ID","properties":{"noLabel":"false","required":"true"},"type":"RECORD_ID","var":"Record_number"},"6424497":{"id":"6424497","label":"Updated by","properties":{"noLabel":"false","required":"true"},"type":"MODIFIER","var":"Updated_by"},"6424498":{"id":"6424498","label":"Created by","properties":{"noLabel":"false","required":"true"},"type":"CREATOR","var":"Created_by"},"6424499":{"id":"6424499","label":"Updated datetime","properties":{"noLabel":"false","required":"true"},"type":"MODIFIED_AT","var":"Updated_datetime"},"6424500":{"id":"6424500","label":"Created datetime","properties":{"noLabel":"false","required":"true"},"type":"CREATED_AT","var":"Created_datetime"},"6424501":{"id":"6424501","label":"Status","properties":{"noLabel":"false","required":"false"},"type":"STATUS","var":"Status"},"6424502":{"id":"6424502","label":"Assignee","properties":{"noLabel":"false","required":"false"},"type":"STATUS_ASSIGNEE","var":"Assignee"},"6424503":{"id":"6424503","label":"Categories","properties":{"noLabel":"false","required":"false"},"type":"CATEGORY","var":"Categories"},"6424504":{"id":"6424504","label":"社員コード","properties":{"defaultValue":"","expression":"","hideExpression":"false","max":"64","min":null,"noLabel":"false","required":"true","unique":"true"},"type":"SINGLE_LINE_TEXT","var":"社員コード"},"6424505":{"id":"6424505","label":"氏名","properties":{"defaultValue":"","expression":"","hideExpression":"false","max":null,"min":null,"noLabel":"false","required":"true","unique":"false"},"type":"SINGLE_LINE_TEXT","var":"氏名"},"6424506":{"id":"6424506","label":"せいめい（かな）","properties":{"defaultValue":"","expression":"","hideExpression":"false","max":null,"min":null,"noLabel":"false","required":"false","unique":"false"},"type":"SINGLE_LINE_TEXT","var":"せいめい"},"6424507":{"id":"6424507","label":"雇用形態","properties":{"defaultValue":"","expression":"","hideExpression":"false","max":null,"min":null,"noLabel":"false","required":"false","unique":"false"},"type":"SINGLE_LINE_TEXT","var":"雇用形態"},"6424508":{"id":"6424508","label":"優先作業","properties":{"defaultValue":"","expression":"","hideExpression":"false","max":"64","min":null,"noLabel":"false","required":"false","unique":"false"},"type":"SINGLE_LINE_TEXT","var":"優先作業"},"6424510":{"id":"6424510","label":"ユーザーの選択","properties":{"defaultEntities":[],"defaultSelect":[],"entities":[],"noLabel":"false","required":"false","select":[]},"type":"USER_SELECT","var":"ユーザーの選択"},"6424511":{"id":"6424511","label":"勤務日数・時間","properties":{"defaultValue":"","expression":"","hideExpression":"false","max":"64","min":null,"noLabel":"false","required":"false","unique":"false"},"type":"SINGLE_LINE_TEXT","var":"勤務日数・時間"},"8404613":{"id":"8404613","label":"メールアドレス","properties":{"defaultValue":"","expression":"","hideExpression":"false","max":"64","min":null,"noLabel":"false","required":"true","unique":"true"},"type":"SINGLE_LINE_TEXT","var":"メールアドレス"},"8405423":{"id":"8405423","label":"スマホアプリの利用設定","properties":{"defaultValue":null,"noLabel":"false","options":[{"id":"8405421","label":"kintoneアプリ","valid":true},{"id":"8405422","label":"SharePointアプリ","valid":true}],"required":"false"},"type":"SINGLE_SELECT","var":"スマホアプリの利用設定"},"8405468":{"id":"8405468","label":"SharePointID","properties":{"defaultValue":null,"digit":"false","displayScale":null,"max":null,"min":null,"noLabel":"false","required":"false","roundingMode":null,"scale":null,"unique":"true","unit":"","unitPosition":"BEFORE"},"type":"DECIMAL","var":"SharePointID"},"8405469":{"id":"8405469","label":"SharePointLastModified","properties":{"defaultValue":"","expression":"","hideExpression":"false","max":null,"min":null,"noLabel":"false","required":"false","unique":"false"},"type":"SINGLE_LINE_TEXT","var":"SharePointLastModified"}},"id":"1","label":"__ROOT__","properties":null,"var":"__ROOT__"}},"settingsNotesForm":{"content":null,"willBeInherited":null},"status":{"actions":[],"filters":[],"initialStateId":null,"states":[],"useStatus":"false"},"uuid":"3c95f5e2-281a-4caa-a1fe-d8dc495c65a3","views":[{"advancedMode":null,"builtinType":"ALL","device":null,"fields":[{"row":[{"columnWidth":null,"id":"6424496"},{"columnWidth":null,"id":"6424504"},{"columnWidth":null,"id":"6424505"},{"columnWidth":null,"id":"6424506"},{"columnWidth":null,"id":"6424507"},{"columnWidth":null,"id":"6424508"},{"columnWidth":null,"id":"6424510"},{"columnWidth":null,"id":"6424511"},{"columnWidth":null,"id":"8404613"},{"columnWidth":null,"id":"8405423"},{"columnWidth":null,"id":"8405468"},{"columnWidth":null,"id":"8405469"}]}],"filter":{"category":null,"offset":null,"order":[],"q":null,"size":null,"sort":[]},"html":null,"keyFieldId":null,"name":"(All records)","pager":null,"revision":null,"titleFieldId":null,"view":"20","viewType":"LIST"}]}],"description":"","iconKey":"2025122217331501D4D5FAFF1F4BC2BE62A7EBE85CA108253","iconMeta":{"internalName":null,"mime":"image/png","name":"master_icon.png"},"iconSrcAppId":"3c95f5e2-281a-4caa-a1fe-d8dc495c65a3","iconType":"BLOB","imagesMeta":[],"lookups":[],"name":"作業者マスター管理","references":[],"version":"44"}