{"actions":[],"apps":[{"acl":{"app":[],"field":[],"record":[]},"app":null,"category":{"categories":[{"children":[{"children":[],"id":"6424670","label":"作業","valid":"true"}],"id":"6424669","label":"作業種別","valid":"true"}],"useCategory":"false"},"form":{"layout":"[{\"id\":null,\"type\":\"ROW\",\"isSubTable\":false,\"var\":null,\"label\":null,\"controlList\":[{\"isVirtical\":true,\"styleMap\":{\"width\":193},\"type\":\"DECIMAL\",\"var\":\"SharePointID\",\"label\":\"SharePointID\"},{\"isVirtical\":true,\"styleMap\":{\"width\":193},\"type\":\"SINGLE_LINE_TEXT\",\"var\":\"SharePointLastModified\",\"label\":\"SharePointLastModified\"}]},{\"id\":null,\"type\":\"ROW\",\"isSubTable\":false,\"var\":null,\"label\":null,\"controlList\":[{\"isVirtical\":true,\"styleMap\":{\"width\":193},\"type\":\"SINGLE_LINE_TEXT\",\"var\":\"作業コード\",\"label\":\"作業コード\"},{\"isVirtical\":true,\"styleMap\":{\"width\":193},\"type\":\"SINGLE_LINE_TEXT\",\"var\":\"作業名\",\"label\":\"作業名\"}]},{\"id\":null,\"type\":\"ROW\",\"isSubTable\":false,\"var\":null,\"label\":null,\"controlList\":[{\"isVirtical\":true,\"styleMap\":{\"width\":315,\"height\":162,\"innerHeight\":125},\"type\":\"MULTIPLE_LINE_TEXT\",\"var\":\"備考\",\"label\":\"備考\"}]}]","revision":null},"iconMeta":{"internalName":null,"mime":"image/png","name":"master_icon.png"},"info":{"automaticallyChooseTitleComponent":"true","code":null,"decimalPrecision":"16","decimalScale":"4","description":"\u003Cdiv\u003E\u003Cb\u003E説明\u003Cbr /\u003E\u003C/b\u003E\u003Cspan style=\"color:rgb( 36 , 36 , 36 );font-family:&#39;yu gothic&#39; , &#39;meiryo ui&#39; , &#39;ms ui gothic&#39; , &#39;ms pgothic&#39; , , &#39;ms gothic&#39; , , &#39;calibri&#39; , sans-serif , &#39;mongolian baiti&#39; , &#39;microsoft yi baiti&#39; , &#39;javanese text&#39;;font-size:14.6667px\"\u003E作業を種別に管理する\u003C/span\u003E\u003Cspan style=\"color:rgb( 36 , 36 , 36 );font-size:14.6667px\"\u003E。\u003C/span\u003E\u003Cb\u003E\u003Cbr /\u003E\u003C/b\u003E\u003Cdiv\u003E\u003Cspan style=\"color:rgb( 36 , 36 , 36 );font-size:14.6667px\"\u003E機能&#xff1b;新しい作業を登録する・\u003C/span\u003E\u003Cspan style=\"color:rgb( 36 , 36 , 36 );font-size:14.6667px\"\u003E存在している作業の情報を修正する・\u003C/span\u003E\u003Cspan style=\"color:rgb( 36 , 36 , 36 );font-size:14.6667px\"\u003E作業情報\u003C/span\u003E\u003Cspan style=\"color:rgb( 36 , 36 , 36 );font-size:14.6667px\"\u003Eを\u003C/span\u003E\u003Cspan style=\"color:rgb( 36 , 36 , 36 );font-size:14.6667px\"\u003E削除する。\u003C/span\u003E\u003Cbr /\u003E\u003C/div\u003E\u003C/div\u003E","enableBulkDeletion":"false","enableRecordReuse":"true","fiscalYearStartMonth":"4","iconKey":"436367","iconType":"BLOB","jsFiles":null,"jsScope":"ALL","name":"作業マスター管理","roundingMode":"HALF_EVEN","theme":"PLAIN","titleComponentLocalId":null,"useComment":"true","useHistory":"true","useInlineEditAndDelete":"true","useThumbnail":"true"},"jsFiles":[],"notification":{"appNotifications":[{"events":["RECORD_COMMENT_ADDED"],"target":{"entityId":"6424555","entityType":"FIELD_ENTITY","includeSubs":"false"}},{"events":["RECORD_COMMENT_ADDED"],"target":{"entityId":"6424556","entityType":"FIELD_ENTITY","includeSubs":"false"}}],"recordNotifications":[],"reminderTimezone":null,"reminders":[],"useComment":"true","useReminder":"false"},"plugins":[{"enabled":"true","id":"mlejgiphgolcmmlngilpciapimhkmilh"},{"enabled":"true","id":"jjolfbjiophiocnpjgmpjncfckcccogf"}],"reports":[],"resource":{"tables":[{"rows":[{"fields":[{"language":"zh","value":""},{"language":"en","value":""},{"language":"ja","value":""}],"objectId":"0","subObjectId":"-1"}],"type":"AppName"},{"rows":[{"fields":[{"language":"zh","value":""},{"language":"en","value":"\u003Cdiv\u003E\u003Cb\u003E説明\u003Cbr /\u003E\u003C/b\u003E\u003Cspan style=\"color:rgb( 36 , 36 , 36 );font-family:&#39;yu gothic&#39; , &#39;meiryo ui&#39; , &#39;ms ui gothic&#39; , &#39;ms pgothic&#39; , , &#39;ms gothic&#39; , , &#39;calibri&#39; , sans-serif , &#39;mongolian baiti&#39; , &#39;microsoft yi baiti&#39; , &#39;javanese text&#39;;font-size:14.6667px\"\u003E作業を種別に管理する\u003C/span\u003E\u003Cspan style=\"color:rgb( 36 , 36 , 36 );font-size:14.6667px\"\u003E。\u003C/span\u003E\u003Cb\u003E\u003Cbr /\u003E\u003C/b\u003E\u003Cdiv\u003E\u003Cspan style=\"color:rgb( 36 , 36 , 36 );font-size:14.6667px\"\u003E機能&#xff1b;新しい作業を登録する・\u003C/span\u003E\u003Cspan style=\"color:rgb( 36 , 36 , 36 );font-size:14.6667px\"\u003E存在している作業の情報を修正する・\u003C/span\u003E\u003Cspan style=\"color:rgb( 36 , 36 , 36 );font-size:14.6667px\"\u003E作業情報\u003C/span\u003E\u003Cspan style=\"color:rgb( 36 , 36 , 36 );font-size:14.6667px\"\u003Eを\u003C/span\u003E\u003Cspan style=\"color:rgb( 36 , 36 , 36 );font-size:14.6667px\"\u003E削除する。\u003C/span\u003E\u003Cbr /\u003E\u003C/div\u003E\u003C/div\u003E"},{"language":"ja","value":"\u003Cdiv\u003E\u003Cb\u003E説明\u003Cbr /\u003E\u003C/b\u003E\u003Cspan style=\"color:rgb( 36 , 36 , 36 );font-family:&#39;yu gothic&#39; , &#39;meiryo ui&#39; , &#39;ms ui gothic&#39; , &#39;ms pgothic&#39; , , &#39;ms gothic&#39; , , &#39;calibri&#39; , sans-serif , &#39;mongolian baiti&#39; , &#39;microsoft yi baiti&#39; , &#39;javanese text&#39;;font-size:14.6667px\"\u003E作業を種別に管理する\u003C/span\u003E\u003Cspan style=\"color:rgb( 36 , 36 , 36 );font-size:14.6667px\"\u003E。\u003C/span\u003E\u003Cb\u003E\u003Cbr /\u003E\u003C/b\u003E\u003Cdiv\u003E\u003Cspan style=\"color:rgb( 36 , 36 , 36 );font-size:14.6667px\"\u003E機能&#xff1b;新しい作業を登録する・\u003C/span\u003E\u003Cspan style=\"color:rgb( 36 , 36 , 36 );font-size:14.6667px\"\u003E存在している作業の情報を修正する・\u003C/span\u003E\u003Cspan style=\"color:rgb( 36 , 36 , 36 );font-size:14.6667px\"\u003E作業情報\u003C/span\u003E\u003Cspan style=\"color:rgb( 36 , 36 , 36 );font-size:14.6667px\"\u003Eを\u003C/span\u003E\u003Cspan style=\"color:rgb( 36 , 36 , 36 );font-size:14.6667px\"\u003E削除する。\u003C/span\u003E\u003Cbr /\u003E\u003C/div\u003E\u003C/div\u003E"}],"objectId":"0","subObjectId":"-1"}],"type":"AppDescription"},{"rows":[{"fields":[{"language":"zh","value":""},{"language":"en","value":""},{"language":"ja","value":""}],"objectId":"6424554","subObjectId":"-1"},{"fields":[{"language":"zh","value":""},{"language":"en","value":""},{"language":"ja","value":""}],"objectId":"6424555","subObjectId":"-1"},{"fields":[{"language":"zh","value":""},{"language":"en","value":""},{"language":"ja","value":""}],"objectId":"6424556","subObjectId":"-1"},{"fields":[{"language":"zh","value":""},{"language":"en","value":""},{"language":"ja","value":""}],"objectId":"6424557","subObjectId":"-1"},{"fields":[{"language":"zh","value":""},{"language":"en","value":""},{"language":"ja","value":""}],"objectId":"6424558","subObjectId":"-1"},{"fields":[{"language":"zh","value":""},{"language":"en","value":""},{"language":"ja","value":""}],"objectId":"6424559","subObjectId":"-1"},{"fields":[{"language":"zh","value":""},{"language":"en","value":""},{"language":"ja","value":""}],"objectId":"6424560","subObjectId":"-1"},{"fields":[{"language":"zh","value":""},{"language":"en","value":""},{"language":"ja","value":""}],"objectId":"6424561","subObjectId":"-1"},{"fields":[{"language":"zh","value":""},{"language":"en","value":""},{"language":"ja","value":""}],"objectId":"6424562","subObjectId":"-1"},{"fields":[{"language":"zh","value":""},{"language":"en","value":""},{"language":"ja","value":""}],"objectId":"6424600","subObjectId":"-1"},{"fields":[{"language":"zh","value":""},{"language":"en","value":""},{"language":"ja","value":""}],"objectId":"6424634","subObjectId":"-1"},{"fields":[],"objectId":"8404666","subObjectId":"-1"},{"fields":[],"objectId":"8404667","subObjectId":"-1"}],"type":"FieldLabel"},{"rows":[{"fields":[{"language":"zh","value":""},{"language":"en","value":""},{"language":"ja","value":""}],"objectId":"20","subObjectId":"-1"}],"type":"ViewName"},{"rows":[{"fields":[{"language":"zh","value":""},{"language":"en","value":""},{"language":"ja","value":""}],"objectId":"6424669","subObjectId":"-1"},{"fields":[{"language":"zh","value":""},{"language":"en","value":""},{"language":"ja","value":""}],"objectId":"6424670","subObjectId":"-1"}],"type":"CategoryName"}]},"schema":{"groups":[],"revision":null,"subTable":{},"table":{"fieldList":{"6424554":{"id":"6424554","label":"ID","properties":{"noLabel":"false","required":"true"},"type":"RECORD_ID","var":"ID"},"6424555":{"id":"6424555","label":"Updated by","properties":{"noLabel":"false","required":"true"},"type":"MODIFIER","var":"Updated_by"},"6424556":{"id":"6424556","label":"Created by","properties":{"noLabel":"false","required":"true"},"type":"CREATOR","var":"Created_by"},"6424557":{"id":"6424557","label":"Updated datetime","properties":{"noLabel":"false","required":"true"},"type":"MODIFIED_AT","var":"Updated_datetime"},"6424558":{"id":"6424558","label":"Created datetime","properties":{"noLabel":"false","required":"true"},"type":"CREATED_AT","var":"Created_datetime"},"6424559":{"id":"6424559","label":"Status","properties":{"noLabel":"false","required":"false"},"type":"STATUS","var":"Status"},"6424560":{"id":"6424560","label":"Assignee","properties":{"noLabel":"false","required":"false"},"type":"STATUS_ASSIGNEE","var":"Assignee"},"6424561":{"id":"6424561","label":"Categories","properties":{"noLabel":"false","required":"false"},"type":"CATEGORY","var":"Categories"},"6424562":{"id":"6424562","label":"作業名","properties":{"defaultValue":"","expression":"","hideExpression":"false","max":null,"min":null,"noLabel":"false","required":"true","unique":"false"},"type":"SINGLE_LINE_TEXT","var":"作業名"},"6424600":{"id":"6424600","label":"備考","properties":{"defaultValue":"","noLabel":"false","required":"false"},"type":"MULTIPLE_LINE_TEXT","var":"備考"},"6424634":{"id":"6424634","label":"作業コード","properties":{"defaultValue":"","expression":"","hideExpression":"false","max":"64","min":null,"noLabel":"false","required":"true","unique":"true"},"type":"SINGLE_LINE_TEXT","var":"作業コード"},"8404666":{"id":"8404666","label":"SharePointID","properties":{"defaultValue":null,"digit":"false","displayScale":null,"max":null,"min":null,"noLabel":"false","required":"false","roundingMode":null,"scale":null,"unique":"true","unit":"","unitPosition":"BEFORE"},"type":"DECIMAL","var":"SharePointID"},"8404667":{"id":"8404667","label":"SharePointLastModified","properties":{"defaultValue":"","expression":"","hideExpression":"false","max":null,"min":null,"noLabel":"false","required":"false","unique":"false"},"type":"SINGLE_LINE_TEXT","var":"SharePointLastModified"}},"id":"1","label":"__ROOT__","properties":null,"var":"__ROOT__"}},"settingsNotesForm":{"content":null,"willBeInherited":null},"status":{"actions":[],"filters":[],"initialStateId":null,"states":[],"useStatus":"false"},"uuid":"e0ef748f-d65d-417a-a74e-4735b40c84a3","views":[{"advancedMode":null,"builtinType":"ALL","device":null,"fields":[{"row":[{"columnWidth":null,"id":"6424554"},{"columnWidth":null,"id":"6424562"},{"columnWidth":null,"id":"6424600"},{"columnWidth":null,"id":"6424634"},{"columnWidth":null,"id":"8404666"},{"columnWidth":null,"id":"8404667"}]}],"filter":{"category":null,"offset":null,"order":[],"q":null,"size":null,"sort":[]},"html":null,"keyFieldId":null,"name":"(All records)","pager":null,"revision":null,"titleFieldId":null,"view":"20","viewType":"LIST"}]}],"description":"","iconKey":"2025122217340118DC8E77DCD2436DA45F3AA60D545B19123","iconMeta":{"internalName":null,"mime":"image/png","name":"master_icon.png"},"iconSrcAppId":"e0ef748f-d65d-417a-a74e-4735b40c84a3","iconType":"BLOB","imagesMeta":[],"lookups":[],"name":"作業マスター管理","references":[],"version":"44"}